Run,ReleaseDate,LoadDate,spots,bases,spots_with_mates,avgLength,size_MB,AssemblyName,download_path,Experiment,LibraryName,LibraryStrategy,LibrarySelection,LibrarySource,LibraryLayout,InsertSize,InsertDev,Platform,Model,SRAStudy,BioProject,Study_Pubmed_id,ProjectID,Sample,BioSample,SampleType,TaxID,ScientificName,SampleName,g1k_pop_code,source,g1k_analysis_group,Subject_ID,Sex,Disease,Tumor,Affection_Status,Analyte_Type,Histological_Type,Body_Site,CenterName,Submission,dbgap_study_accession,Consent,RunHash,ReadHash
SRR14687229,2021-10-21 12:26:36,2021-05-29 15:53:57,7153638,364835538,0,51,143,,https://sra-downloadb.be-md.ncbi.nlm.nih.gov/sos1/sra-pub-zq-38/SRR014/14687/SRR14687229/SRR14687229.lite.1,SRX11025403,,RNA-Seq,cDNA,TRANSCRIPTOMIC,SINGLE,0,0,ILLUMINA,Illumina HiSeq 2500,SRP321884,PRJNA733673,3,733673,SRS9097336,SAMN19432080,simple,559292,Saccharomyces cerevisiae S288C,GSM5348155,,,,,,,no,,,,,GEO,SRA1238562,,public,32B9750275D9B43F4EB7A12910E30A38,08A2BB557A2E00131B50B7B68FA26DEB
SRR14687230,2021-10-21 12:26:36,2021-05-29 15:54:44,7248671,369682221,0,51,145,,https://sra-downloadb.be-md.ncbi.nlm.nih.gov/sos13/sra-pub-zq-1301/SRR014/14687/SRR14687230/SRR14687230.lite.1,SRX11025403,,RNA-Seq,cDNA,TRANSCRIPTOMIC,SINGLE,0,0,ILLUMINA,Illumina HiSeq 2500,SRP321884,PRJNA733673,3,733673,SRS9097336,SAMN19432080,simple,559292,Saccharomyces cerevisiae S288C,GSM5348155,,,,,,,no,,,,,GEO,SRA1238562,,public,AEFCB9E69E51AD0F512A38E70A3A3D60,9BD7E97F0E80CFD054733B55BF839F22
SRR14687231,2021-10-21 12:26:36,2021-05-29 15:54:36,6786879,346130829,0,51,135,,https://sra-downloadb.be-md.ncbi.nlm.nih.gov/sos9/sra-pub-zq-924/SRR014/14687/SRR14687231/SRR14687231.lite.1,SRX11025404,,RNA-Seq,cDNA,TRANSCRIPTOMIC,SINGLE,0,0,ILLUMINA,Illumina HiSeq 2500,SRP321884,PRJNA733673,3,733673,SRS9097337,SAMN19432079,simple,559292,Saccharomyces cerevisiae S288C,GSM5348156,,,,,,,no,,,,,GEO,SRA1238562,,public,ECD30F6910EE09D8FE5B3DE74A647AC5,1B307B6010BFCD27FD401E037CE03CA6
SRR14687232,2021-10-21 12:26:36,2021-05-29 15:54:56,6889131,351345681,0,51,138,,https://sra-downloadb.be-md.ncbi.nlm.nih.gov/sos13/sra-pub-zq-1301/SRR014/14687/SRR14687232/SRR14687232.lite.1,SRX11025404,,RNA-Seq,cDNA,TRANSCRIPTOMIC,SINGLE,0,0,ILLUMINA,Illumina HiSeq 2500,SRP321884,PRJNA733673,3,733673,SRS9097337,SAMN19432079,simple,559292,Saccharomyces cerevisiae S288C,GSM5348156,,,,,,,no,,,,,GEO,SRA1238562,,public,0344CA481B2E79127B4709BE6D357A42,19C4AF66F34ACAE17711CBC498BEE959
SRR14687233,2021-10-21 12:26:36,2021-05-29 15:55:09,7400930,377447430,0,51,148,,https://sra-downloadb.be-md.ncbi.nlm.nih.gov/sos1/sra-pub-zq-38/SRR014/14687/SRR14687233/SRR14687233.lite.1,SRX11025405,,RNA-Seq,cDNA,TRANSCRIPTOMIC,SINGLE,0,0,ILLUMINA,Illumina HiSeq 2500,SRP321884,PRJNA733673,3,733673,SRS9097338,SAMN19432078,simple,559292,Saccharomyces cerevisiae S288C,GSM5348157,,,,,,,no,,,,,GEO,SRA1238562,,public,77F0393A69B586796A288FBFDD372ADB,33BC18823FA02863B68242B025AC21E2
SRR14687234,2021-10-21 12:26:36,2021-05-29 15:55:36,7517458,383390358,0,51,151,,https://sra-downloadb.be-md.ncbi.nlm.nih.gov/sos13/sra-pub-zq-1301/SRR014/14687/SRR14687234/SRR14687234.lite.1,SRX11025405,,RNA-Seq,cDNA,TRANSCRIPTOMIC,SINGLE,0,0,ILLUMINA,Illumina HiSeq 2500,SRP321884,PRJNA733673,3,733673,SRS9097338,SAMN19432078,simple,559292,Saccharomyces cerevisiae S288C,GSM5348157,,,,,,,no,,,,,GEO,SRA1238562,,public,BFE0953C83D24E726A36AD565262FE0E,1CC7A627F6D36835B2C908FC2FB013DD
SRR16481343,2021-10-24 12:48:07,2021-10-20 05:53:42,8601649,2597697998,8601649,302,830,,https://sra-downloadb.be-md.ncbi.nlm.nih.gov/sos13/sra-pub-zq-1301/SRR016/16481/SRR16481343/SRR16481343.lite.1,SRX12684473,,RNA-Seq,cDNA,TRANSCRIPTOMIC,PAIRED,0,0,ILLUMINA,Illumina NovaSeq 6000,SRP342112,PRJNA772701,3,772701,SRS10635354,SAMN22405060,simple,4932,Saccharomyces cerevisiae,GSM5638924,,,,,,,no,,,,,GEO,SRA1313420,,public,EE01668893E4D7450828FE548D27DE0B,1C25D4989A1C7B228A19FBB5623CC763
SRR16481344,2021-10-24 12:48:07,2021-10-20 05:44:01,5868367,1772246834,5868367,302,563,,https://sra-downloadb.be-md.ncbi.nlm.nih.gov/sos8/sra-pub-zq-820/SRR016/16481/SRR16481344/SRR16481344.lite.1,SRX12684474,,RNA-Seq,cDNA,TRANSCRIPTOMIC,PAIRED,0,0,ILLUMINA,Illumina NovaSeq 6000,SRP342112,PRJNA772701,3,772701,SRS10635355,SAMN22405061,simple,4932,Saccharomyces cerevisiae,GSM5638925,,,,,,,no,,,,,GEO,SRA1313420,,public,B01F672819BCB9A464C5329F42CDACA9,7E07ECB893DF50EBBC55987BD6585F8C
SRR16481345,2021-10-24 12:48:07,2021-10-20 05:48:55,7185790,2170108580,7185790,302,695,,https://sra-downloadb.be-md.ncbi.nlm.nih.gov/sos8/sra-pub-zq-818/SRR016/16481/SRR16481345/SRR16481345.lite.1,SRX12684475,,RNA-Seq,cDNA,TRANSCRIPTOMIC,PAIRED,0,0,ILLUMINA,Illumina NovaSeq 6000,SRP342112,PRJNA772701,3,772701,SRS10635356,SAMN22405062,simple,4932,Saccharomyces cerevisiae,GSM5638926,,,,,,,no,,,,,GEO,SRA1313420,,public,AA115DEB5F72022543C9F8CC7D5F0B28,62B29F6962CEF375D85AE339C238645F
SRR16481346,2021-10-24 12:48:07,2021-10-20 05:47:59,6933175,2093818850,6933175,302,667,,https://sra-downloadb.be-md.ncbi.nlm.nih.gov/sos1/sra-pub-zq-38/SRR016/16481/SRR16481346/SRR16481346.lite.1,SRX12684476,,RNA-Seq,cDNA,TRANSCRIPTOMIC,PAIRED,0,0,ILLUMINA,Illumina NovaSeq 6000,SRP342112,PRJNA772701,3,772701,SRS10635357,SAMN22405063,simple,4932,Saccharomyces cerevisiae,GSM5638927,,,,,,,no,,,,,GEO,SRA1313420,,public,BBB9FE59756DBCCBEAC5FAC0D082C003,4824DD8ABE283791749B4DB1A2DA9016
SRR16481347,2021-10-24 12:48:07,2021-10-20 05:57:36,10692331,3229083962,10692331,302,1014,,https://sra-downloadb.be-md.ncbi.nlm.nih.gov/sos8/sra-pub-zq-818/SRR016/16481/SRR16481347/SRR16481347.lite.1,SRX12684477,,RNA-Seq,cDNA,TRANSCRIPTOMIC,PAIRED,0,0,ILLUMINA,Illumina NovaSeq 6000,SRP342112,PRJNA772701,3,772701,SRS10635358,SAMN22405064,simple,4932,Saccharomyces cerevisiae,GSM5638928,,,,,,,no,,,,,GEO,SRA1313420,,public,3F6E15022FD13FA29548523AD7AD6871,CF3193B49C0660F69815D2ED79FFB888
SRR16481348,2021-10-24 12:48:07,2021-10-20 05:43:54,5585170,1686721340,5585170,302,534,,https://sra-downloadb.be-md.ncbi.nlm.nih.gov/sos9/sra-pub-zq-924/SRR016/16481/SRR16481348/SRR16481348.lite.1,SRX12684478,,RNA-Seq,cDNA,TRANSCRIPTOMIC,PAIRED,0,0,ILLUMINA,Illumina NovaSeq 6000,SRP342112,PRJNA772701,3,772701,SRS10635359,SAMN22405065,simple,4932,Saccharomyces cerevisiae,GSM5638929,,,,,,,no,,,,,GEO,SRA1313420,,public,987B5D8E4529C73439D6B88EA1A0A8DE,92ED51BD46E0F0D1964275F119987FD2
SRR16481349,2021-10-24 12:48:07,2021-10-20 05:54:49,9180837,2772612774,9180837,302,874,,https://sra-downloadb.be-md.ncbi.nlm.nih.gov/sos9/sra-pub-zq-924/SRR016/16481/SRR16481349/SRR16481349.lite.1,SRX12684479,,RNA-Seq,cDNA,TRANSCRIPTOMIC,PAIRED,0,0,ILLUMINA,Illumina NovaSeq 6000,SRP342112,PRJNA772701,3,772701,SRS10635360,SAMN22405066,simple,4932,Saccharomyces cerevisiae,GSM5638930,,,,,,,no,,,,,GEO,SRA1313420,,public,27C1538330B877FC039764E1B9AB0A2F,D9B36C4845C42965E54FEC38B5D1DBEA
SRR16481350,2021-10-24 12:48:07,2021-10-20 05:37:15,6326088,1910478576,6326088,302,609,,https://sra-downloadb.be-md.ncbi.nlm.nih.gov/sos9/sra-pub-zq-924/SRR016/16481/SRR16481350/SRR16481350.lite.1,SRX12684480,,RNA-Seq,cDNA,TRANSCRIPTOMIC,PAIRED,0,0,ILLUMINA,Illumina NovaSeq 6000,SRP342112,PRJNA772701,3,772701,SRS10635361,SAMN22405067,simple,4932,Saccharomyces cerevisiae,GSM5638931,,,,,,,no,,,,,GEO,SRA1313420,,public,238EA63EA296F215B369675AEFA2B53B,E69E062E7A0E5C1E70E4B5E7923DE379
SRR16481351,2021-10-24 12:48:07,2021-10-20 05:52:08,8160420,2464446840,8160420,302,787,,https://sra-downloadb.be-md.ncbi.nlm.nih.gov/sos9/sra-pub-zq-924/SRR016/16481/SRR16481351/SRR16481351.lite.1,SRX12684481,,RNA-Seq,cDNA,TRANSCRIPTOMIC,PAIRED,0,0,ILLUMINA,Illumina NovaSeq 6000,SRP342112,PRJNA772701,3,772701,SRS10635362,SAMN22405068,simple,4932,Saccharomyces cerevisiae,GSM5638932,,,,,,,no,,,,,GEO,SRA1313420,,public,0EBF96F91193B0FB147C5B848CB56D12,BCFF6E23EC1E5B3F08C91E9614685CE1
SRR16481352,2021-10-24 12:48:07,2021-10-20 05:49:47,7410365,2237930230,7410365,302,712,,https://sra-downloadb.be-md.ncbi.nlm.nih.gov/sos1/sra-pub-zq-38/SRR016/16481/SRR16481352/SRR16481352.lite.1,SRX12684482,,RNA-Seq,cDNA,TRANSCRIPTOMIC,PAIRED,0,0,ILLUMINA,Illumina NovaSeq 6000,SRP342112,PRJNA772701,3,772701,SRS10635363,SAMN22405069,simple,4932,Saccharomyces cerevisiae,GSM5638933,,,,,,,no,,,,,GEO,SRA1313420,,public,705ECAF578321F1F8B6568EA7D369787,579B71E7F3025B34EC280DBBF3DDD70B
SRR16481353,2021-10-24 12:48:07,2021-10-20 05:52:49,9511231,2872391762,9511231,302,920,,https://sra-downloadb.be-md.ncbi.nlm.nih.gov/sos1/sra-pub-zq-38/SRR016/16481/SRR16481353/SRR16481353.lite.1,SRX12684483,,RNA-Seq,cDNA,TRANSCRIPTOMIC,PAIRED,0,0,ILLUMINA,Illumina NovaSeq 6000,SRP342112,PRJNA772701,3,772701,SRS10635364,SAMN22405070,simple,4932,Saccharomyces cerevisiae,GSM5638934,,,,,,,no,,,,,GEO,SRA1313420,,public,1DE03FA49F39FAE3B567F7FC5B5A4858,29C56BBE23DDCAD6A927225AD30E7C2E
SRR16481354,2021-10-24 12:48:07,2021-10-20 06:04:55,11312879,3416489458,11312879,302,1078,,https://sra-downloadb.be-md.ncbi.nlm.nih.gov/sos1/sra-pub-zq-38/SRR016/16481/SRR16481354/SRR16481354.lite.1,SRX12684484,,RNA-Seq,cDNA,TRANSCRIPTOMIC,PAIRED,0,0,ILLUMINA,Illumina NovaSeq 6000,SRP342112,PRJNA772701,3,772701,SRS10635365,SAMN22405071,simple,4932,Saccharomyces cerevisiae,GSM5638935,,,,,,,no,,,,,GEO,SRA1313420,,public,90E38CEF07D7BD774F32F93058E4B3CF,A6A19027F06BFFF8B11304EAE1A5C74C
SRR16481355,2021-10-24 12:48:07,2021-10-20 05:44:55,6178715,1865971930,6178715,302,595,,https://sra-downloadb.be-md.ncbi.nlm.nih.gov/sos13/sra-pub-zq-1301/SRR016/16481/SRR16481355/SRR16481355.lite.1,SRX12684485,,RNA-Seq,cDNA,TRANSCRIPTOMIC,PAIRED,0,0,ILLUMINA,Illumina NovaSeq 6000,SRP342112,PRJNA772701,3,772701,SRS10635366,SAMN22405076,simple,4932,Saccharomyces cerevisiae,GSM5638936,,,,,,,no,,,,,GEO,SRA1313420,,public,647CB76F97E1D8FB149094E64FB7F495,55F60D1F14E5CA9B5901EF0FDA93DB2C
SRR16481356,2021-10-24 12:48:07,2021-10-20 05:45:27,6134592,1852646784,6134592,302,589,,https://sra-downloadb.be-md.ncbi.nlm.nih.gov/sos8/sra-pub-zq-820/SRR016/16481/SRR16481356/SRR16481356.lite.1,SRX12684486,,RNA-Seq,cDNA,TRANSCRIPTOMIC,PAIRED,0,0,ILLUMINA,Illumina NovaSeq 6000,SRP342112,PRJNA772701,3,772701,SRS10635367,SAMN22405077,simple,4932,Saccharomyces cerevisiae,GSM5638937,,,,,,,no,,,,,GEO,SRA1313420,,public,FE584114913D752C6FE61BACEA0132FF,5C901C02B7BF7AC6946358178571DC87
SRR16481357,2021-10-24 12:48:07,2021-10-20 05:45:09,8345150,2520235300,8345150,302,798,,https://sra-downloadb.be-md.ncbi.nlm.nih.gov/sos1/sra-pub-zq-38/SRR016/16481/SRR16481357/SRR16481357.lite.1,SRX12684487,,RNA-Seq,cDNA,TRANSCRIPTOMIC,PAIRED,0,0,ILLUMINA,Illumina NovaSeq 6000,SRP342112,PRJNA772701,3,772701,SRS10635368,SAMN22405043,simple,4932,Saccharomyces cerevisiae,GSM5638938,,,,,,,no,,,,,GEO,SRA1313420,,public,AAF6E6ABCA8A60362BACE6C3F3B25F38,4064E17AB86C2C2029E4EA1B589D88DD
SRR16481358,2021-10-24 12:48:07,2021-10-20 06:02:05,11005227,3323578554,11005227,302,1053,,https://sra-downloadb.be-md.ncbi.nlm.nih.gov/sos1/sra-pub-zq-38/SRR016/16481/SRR16481358/SRR16481358.lite.1,SRX12684488,,RNA-Seq,cDNA,TRANSCRIPTOMIC,PAIRED,0,0,ILLUMINA,Illumina NovaSeq 6000,SRP342112,PRJNA772701,3,772701,SRS10635369,SAMN22405044,simple,4932,Saccharomyces cerevisiae,GSM5638939,,,,,,,no,,,,,GEO,SRA1313420,,public,977FD43F61C41CA1AFCCB9F9E81A7D46,26BE392A1701E4F27EA919AD472F1174
SRR16481359,2021-10-24 12:48:07,2021-10-20 05:51:26,8045931,2429871162,8045931,302,770,,https://sra-downloadb.be-md.ncbi.nlm.nih.gov/sos1/sra-pub-zq-38/SRR016/16481/SRR16481359/SRR16481359.lite.1,SRX12684489,,RNA-Seq,cDNA,TRANSCRIPTOMIC,PAIRED,0,0,ILLUMINA,Illumina NovaSeq 6000,SRP342112,PRJNA772701,3,772701,SRS10635370,SAMN22405072,simple,4932,Saccharomyces cerevisiae,GSM5638940,,,,,,,no,,,,,GEO,SRA1313420,,public,25317C4734EAD1A9447BE7B4D3D94946,79385CC646F75F4ADACE533D0B4F1F43
SRR16481360,2021-10-24 12:48:07,2021-10-20 06:10:36,10629019,3209963738,10629019,302,1019,,https://sra-downloadb.be-md.ncbi.nlm.nih.gov/sos8/sra-pub-zq-818/SRR016/16481/SRR16481360/SRR16481360.lite.1,SRX12684490,,RNA-Seq,cDNA,TRANSCRIPTOMIC,PAIRED,0,0,ILLUMINA,Illumina NovaSeq 6000,SRP342112,PRJNA772701,3,772701,SRS10635371,SAMN22405073,simple,4932,Saccharomyces cerevisiae,GSM5638941,,,,,,,no,,,,,GEO,SRA1313420,,public,2D84C2D913480DD4709EC6C58661D320,269FCA32BE761AE18BDAFDB3D9B89754
SRR16481361,2021-10-24 12:48:07,2021-10-20 05:38:28,6708087,2025842274,6708087,302,644,,https://sra-downloadb.be-md.ncbi.nlm.nih.gov/sos9/sra-pub-zq-924/SRR016/16481/SRR16481361/SRR16481361.lite.1,SRX12684491,,RNA-Seq,cDNA,TRANSCRIPTOMIC,PAIRED,0,0,ILLUMINA,Illumina NovaSeq 6000,SRP342112,PRJNA772701,3,772701,SRS10635372,SAMN22405074,simple,4932,Saccharomyces cerevisiae,GSM5638942,,,,,,,no,,,,,GEO,SRA1313420,,public,BD077A820F10468CB8759CA94BEAA20D,C756F80EFB0DE8B1D281EF9F8D9C60E2
SRR16481362,2021-10-24 12:48:07,2021-10-20 05:38:21,6881545,2078226590,6881545,302,659,,https://sra-downloadb.be-md.ncbi.nlm.nih.gov/sos8/sra-pub-zq-818/SRR016/16481/SRR16481362/SRR16481362.lite.1,SRX12684492,,RNA-Seq,cDNA,TRANSCRIPTOMIC,PAIRED,0,0,ILLUMINA,Illumina NovaSeq 6000,SRP342112,PRJNA772701,3,772701,SRS10635373,SAMN22405075,simple,4932,Saccharomyces cerevisiae,GSM5638943,,,,,,,no,,,,,GEO,SRA1313420,,public,49C546078DD0F160CC787282256D395B,08F2FFA8F3F93FFA67BF5BFB3BA723C0
SRR16481363,2021-10-24 12:48:07,2021-10-20 05:45:08,7151975,2159896450,7151975,302,690,,https://sra-downloadb.be-md.ncbi.nlm.nih.gov/sos8/sra-pub-zq-820/SRR016/16481/SRR16481363/SRR16481363.lite.1,SRX12684493,,RNA-Seq,cDNA,TRANSCRIPTOMIC,PAIRED,0,0,ILLUMINA,Illumina NovaSeq 6000,SRP342112,PRJNA772701,3,772701,SRS10635374,SAMN22405046,simple,4932,Saccharomyces cerevisiae,GSM5638944,,,,,,,no,,,,,GEO,SRA1313420,,public,EED802128A2C8EFDEECBDAF53B435420,BBB1517B93A8017D7B6EF4D859155914
SRR16481364,2021-10-24 12:48:07,2021-10-20 05:44:39,7003132,2114945864,7003132,302,672,,https://sra-downloadb.be-md.ncbi.nlm.nih.gov/sos9/sra-pub-zq-924/SRR016/16481/SRR16481364/SRR16481364.lite.1,SRX12684494,,RNA-Seq,cDNA,TRANSCRIPTOMIC,PAIRED,0,0,ILLUMINA,Illumina NovaSeq 6000,SRP342112,PRJNA772701,3,772701,SRS10635375,SAMN22405047,simple,4932,Saccharomyces cerevisiae,GSM5638945,,,,,,,no,,,,,GEO,SRA1313420,,public,41701F69EA85FEF4D64492F68E19D884,19F014A5F7D334158C08C33F4620472D
SRR16481365,2021-10-24 12:48:07,2021-10-20 05:50:08,7824493,2362996886,7824493,302,768,,https://sra-downloadb.be-md.ncbi.nlm.nih.gov/sos9/sra-pub-zq-924/SRR016/16481/SRR16481365/SRR16481365.lite.1,SRX12684495,,RNA-Seq,cDNA,TRANSCRIPTOMIC,PAIRED,0,0,ILLUMINA,Illumina NovaSeq 6000,SRP342112,PRJNA772701,3,772701,SRS10635376,SAMN22405048,simple,4932,Saccharomyces cerevisiae,GSM5638946,,,,,,,no,,,,,GEO,SRA1313420,,public,B3519E646B41665798A20194673316BF,89D52D703091A17EE2647831670B2BB8
SRR16481366,2021-10-24 12:48:07,2021-10-20 05:57:40,10149195,3065056890,10149195,302,965,,https://sra-downloadb.be-md.ncbi.nlm.nih.gov/sos9/sra-pub-zq-924/SRR016/16481/SRR16481366/SRR16481366.lite.1,SRX12684496,,RNA-Seq,cDNA,TRANSCRIPTOMIC,PAIRED,0,0,ILLUMINA,Illumina NovaSeq 6000,SRP342112,PRJNA772701,3,772701,SRS10635377,SAMN22405049,simple,4932,Saccharomyces cerevisiae,GSM5638947,,,,,,,no,,,,,GEO,SRA1313420,,public,50E61873183C5EC83B26BA427D8E7F48,0DEDF36BE14FB8FB7DE5D29083E87278
SRR16481367,2021-10-24 12:48:07,2021-10-20 05:50:19,7761869,2344084438,7761869,302,749,,https://sra-downloadb.be-md.ncbi.nlm.nih.gov/sos9/sra-pub-zq-924/SRR016/16481/SRR16481367/SRR16481367.lite.1,SRX12684497,,RNA-Seq,cDNA,TRANSCRIPTOMIC,PAIRED,0,0,ILLUMINA,Illumina NovaSeq 6000,SRP342112,PRJNA772701,3,772701,SRS10635378,SAMN22405050,simple,4932,Saccharomyces cerevisiae,GSM5638948,,,,,,,no,,,,,GEO,SRA1313420,,public,0674CBB3BBED5245A6A1D5A148274189,E39C674F820A3E2D54098782D34F18C9
SRR16481368,2021-10-24 12:48:07,2021-10-20 06:05:33,11291853,3410139606,11291853,302,1080,,https://sra-downloadb.be-md.ncbi.nlm.nih.gov/sos9/sra-pub-zq-924/SRR016/16481/SRR16481368/SRR16481368.lite.1,SRX12684498,,RNA-Seq,cDNA,TRANSCRIPTOMIC,PAIRED,0,0,ILLUMINA,Illumina NovaSeq 6000,SRP342112,PRJNA772701,3,772701,SRS10635379,SAMN22405051,simple,4932,Saccharomyces cerevisiae,GSM5638949,,,,,,,no,,,,,GEO,SRA1313420,,public,047E918BC702F763230C3B3BB94A6D8B,1BB48927514EA96331E34B041570140C
SRR16481369,2021-10-24 12:48:07,2021-10-20 05:53:23,8418260,2542314520,8418260,302,805,,https://sra-downloadb.be-md.ncbi.nlm.nih.gov/sos9/sra-pub-zq-924/SRR016/16481/SRR16481369/SRR16481369.lite.1,SRX12684499,,RNA-Seq,cDNA,TRANSCRIPTOMIC,PAIRED,0,0,ILLUMINA,Illumina NovaSeq 6000,SRP342112,PRJNA772701,3,772701,SRS10635380,SAMN22405052,simple,4932,Saccharomyces cerevisiae,GSM5638950,,,,,,,no,,,,,GEO,SRA1313420,,public,F052F68ECB1FBBD1345A1EDD158F397E,03112D0232A5BA5ACF47274CCEF7F1A6
SRR16481370,2021-10-24 12:48:07,2021-10-20 06:01:11,10148626,3064885052,10148626,302,968,,https://sra-downloadb.be-md.ncbi.nlm.nih.gov/sos1/sra-pub-zq-38/SRR016/16481/SRR16481370/SRR16481370.lite.1,SRX12684500,,RNA-Seq,cDNA,TRANSCRIPTOMIC,PAIRED,0,0,ILLUMINA,Illumina NovaSeq 6000,SRP342112,PRJNA772701,3,772701,SRS10635381,SAMN22405053,simple,4932,Saccharomyces cerevisiae,GSM5638951,,,,,,,no,,,,,GEO,SRA1313420,,public,7325B9EFEE1B6C55CF8E47A3112317E4,4CC9F5360551C631808474A569382B4E
SRR16481371,2021-10-24 12:48:07,2021-10-20 05:51:48,8077951,2439541202,8077951,302,770,,https://sra-downloadb.be-md.ncbi.nlm.nih.gov/sos9/sra-pub-zq-924/SRR016/16481/SRR16481371/SRR16481371.lite.1,SRX12684501,,RNA-Seq,cDNA,TRANSCRIPTOMIC,PAIRED,0,0,ILLUMINA,Illumina NovaSeq 6000,SRP342112,PRJNA772701,3,772701,SRS10635382,SAMN22405054,simple,4932,Saccharomyces cerevisiae,GSM5638952,,,,,,,no,,,,,GEO,SRA1313420,,public,A826E048E9472B08FC3AC6A66753605B,E7665000ABCB29326C8C9D13590A4BE5
SRR16481372,2021-10-24 12:48:07,2021-10-20 05:59:23,9384543,2834131986,9384543,302,892,,https://sra-downloadb.be-md.ncbi.nlm.nih.gov/sos1/sra-pub-zq-38/SRR016/16481/SRR16481372/SRR16481372.lite.1,SRX12684502,,RNA-Seq,cDNA,TRANSCRIPTOMIC,PAIRED,0,0,ILLUMINA,Illumina NovaSeq 6000,SRP342112,PRJNA772701,3,772701,SRS10635383,SAMN22405056,simple,4932,Saccharomyces cerevisiae,GSM5638953,,,,,,,no,,,,,GEO,SRA1313420,,public,C11DB2E3FE0410AD43B87B9B59CAA1C2,03A8A29EEE37996231E2FD64F2CE5AEE
SRR16481373,2021-10-24 12:48:07,2021-10-20 05:49:52,7434529,2245227758,7434529,302,714,,https://sra-downloadb.be-md.ncbi.nlm.nih.gov/sos1/sra-pub-zq-38/SRR016/16481/SRR16481373/SRR16481373.lite.1,SRX12684503,,RNA-Seq,cDNA,TRANSCRIPTOMIC,PAIRED,0,0,ILLUMINA,Illumina NovaSeq 6000,SRP342112,PRJNA772701,3,772701,SRS10635384,SAMN22405057,simple,4932,Saccharomyces cerevisiae,GSM5638954,,,,,,,no,,,,,GEO,SRA1313420,,public,06402F3CB7BE77488D3CDB59EFEFCCD7,927727F3B5B1C6AE21147ABCE59FFE04
SRR16481374,2021-10-24 12:48:07,2021-10-20 06:13:30,14163981,4277522262,14163981,302,1343,,https://sra-downloadb.be-md.ncbi.nlm.nih.gov/sos9/sra-pub-zq-924/SRR016/16481/SRR16481374/SRR16481374.lite.1,SRX12684504,,RNA-Seq,cDNA,TRANSCRIPTOMIC,PAIRED,0,0,ILLUMINA,Illumina NovaSeq 6000,SRP342112,PRJNA772701,3,772701,SRS10635385,SAMN22405058,simple,4932,Saccharomyces cerevisiae,GSM5638955,,,,,,,no,,,,,GEO,SRA1313420,,public,F63E13CD7C1011654809F444F76A3EE9,221510F0611ED6B37623482C3866CC9A
SRR16481375,2021-10-24 12:48:07,2021-10-20 05:54:36,8813710,2661740420,8813710,302,839,,https://sra-downloadb.be-md.ncbi.nlm.nih.gov/sos8/sra-pub-zq-820/SRR016/16481/SRR16481375/SRR16481375.lite.1,SRX12684505,,RNA-Seq,cDNA,TRANSCRIPTOMIC,PAIRED,0,0,ILLUMINA,Illumina NovaSeq 6000,SRP342112,PRJNA772701,3,772701,SRS10635386,SAMN22405059,simple,4932,Saccharomyces cerevisiae,GSM5638956,,,,,,,no,,,,,GEO,SRA1313420,,public,B1C86560CB7EF1A1DA1CD816B08EB74A,C9A1DB3EF49F06344F929F18055C6D0B
SRR16642822,2021-11-01 00:11:34,2021-10-31 09:03:03,2235022,113986122,0,51,57,,https://sra-downloadb.be-md.ncbi.nlm.nih.gov/sos9/sra-pub-zq-924/SRR016/16642/SRR16642822/SRR16642822.lite.1,SRX12843617,GSM5662673,OTHER,other,GENOMIC,SINGLE,0,0,ILLUMINA,Illumina HiSeq 2500,SRP343868,PRJNA776529,3,776529,SRS10787463,SAMN22794392,simple,4932,Saccharomyces cerevisiae,GSM5662673,,,,,,,no,,,,,"GENETICS, UNIVERSITY OF WISCONSIN",SRA1320039,,public,3F93BECA05A45819CE04DA6F6CF7DC93,2F3E7F0B165DC73422DE48EFEB83CC6A
SRR16642820,2021-11-01 00:11:34,2021-10-31 09:03:08,1929793,98419443,0,51,49,,https://sra-downloadb.be-md.ncbi.nlm.nih.gov/sos1/sra-pub-zq-38/SRR016/16642/SRR16642820/SRR16642820.lite.1,SRX12843619,GSM5662674,OTHER,other,GENOMIC,SINGLE,0,0,ILLUMINA,Illumina HiSeq 2500,SRP343868,PRJNA776529,3,776529,SRS10787465,SAMN22794391,simple,4932,Saccharomyces cerevisiae,GSM5662674,,,,,,,no,,,,,"GENETICS, UNIVERSITY OF WISCONSIN",SRA1320039,,public,1FB2F5DA7AA7B52C3898C170DA12DBD6,19C73622B6C74E4542FA82A1603749B9
SRR16642818,2021-11-01 00:11:34,2021-10-31 09:04:40,1772939,90419889,0,51,45,,https://sra-downloadb.be-md.ncbi.nlm.nih.gov/sos9/sra-pub-zq-922/SRR016/16642/SRR16642818/SRR16642818.lite.1,SRX12843621,GSM5662675,OTHER,other,GENOMIC,SINGLE,0,0,ILLUMINA,Illumina HiSeq 2500,SRP343868,PRJNA776529,3,776529,SRS10787467,SAMN22794390,simple,4932,Saccharomyces cerevisiae,GSM5662675,,,,,,,no,,,,,"GENETICS, UNIVERSITY OF WISCONSIN",SRA1320039,,public,B366D3973FCD575A171E2361D664E23C,628FE00EB9829BDA1DBBBA70FEF620BB
SRR18678323,2024-04-01 00:02:21,2022-04-07 17:07:14,386651,116768602,386651,302,61,,https://sra-downloadb.be-md.ncbi.nlm.nih.gov/sos13/sra-pub-zq-1305/SRR018/18678/SRR18678323/SRR18678323.lite.1,SRX14779550,GSM6033850,OTHER,other,GENOMIC,PAIRED,0,0,ILLUMINA,NextSeq 500,SRP368097,PRJNA824516,,824516,SRS12538906,SAMN27406439,simple,511145,Escherichia coli str. K-12 substr. MG1655,GSM6033850,,,,,,,no,,,,,TIANJIN UNIVERSITY,SRA1399655,,public,414F8EDC604774B9A24F80833E152A83,B427088AE576AFC9B6B8BD11F47CE746
SRR18678324,2024-04-01 00:02:21,2022-04-07 17:07:14,357354,107920908,357354,302,56,,https://sra-downloadb.be-md.ncbi.nlm.nih.gov/sos9/sra-pub-zq-922/SRR018/18678/SRR18678324/SRR18678324.lite.1,SRX14779550,GSM6033850,OTHER,other,GENOMIC,PAIRED,0,0,ILLUMINA,NextSeq 500,SRP368097,PRJNA824516,,824516,SRS12538906,SAMN27406439,simple,511145,Escherichia coli str. K-12 substr. MG1655,GSM6033850,,,,,,,no,,,,,TIANJIN UNIVERSITY,SRA1399655,,public,12D1416BF7177C500B6B66A973639F70,F912EDD2B489A7D33F44D6B89A383667
SRR18678325,2024-04-01 00:02:21,2022-04-07 17:07:16,363758,109854916,363758,302,60,,https://sra-downloadb.be-md.ncbi.nlm.nih.gov/sos9/sra-pub-zq-922/SRR018/18678/SRR18678325/SRR18678325.lite.1,SRX14779550,GSM6033850,OTHER,other,GENOMIC,PAIRED,0,0,ILLUMINA,NextSeq 500,SRP368097,PRJNA824516,,824516,SRS12538906,SAMN27406439,simple,511145,Escherichia coli str. K-12 substr. MG1655,GSM6033850,,,,,,,no,,,,,TIANJIN UNIVERSITY,SRA1399655,,public,657F027917C3AAAFC91A8C0F837B86BC,5451718414EDB775A260F66C1CB3BE52
SRR18678326,2024-04-01 00:02:21,2022-04-07 17:07:01,47175,14246850,47175,302,8,,https://sra-downloadb.be-md.ncbi.nlm.nih.gov/sos13/sra-pub-zq-1305/SRR018/18678/SRR18678326/SRR18678326.lite.1,SRX14779550,GSM6033850,OTHER,other,GENOMIC,PAIRED,0,0,ILLUMINA,NextSeq 500,SRP368097,PRJNA824516,,824516,SRS12538906,SAMN27406439,simple,511145,Escherichia coli str. K-12 substr. MG1655,GSM6033850,,,,,,,no,,,,,TIANJIN UNIVERSITY,SRA1399655,,public,7B39CE83FBB35B9E4F7C84CD404D12C2,11C108FD682526CD6F6E291EEF3D4C2C
SRR29711604,2025-12-31 03:03:17,2024-07-05 08:22:28,17529576,5293931952,17529576,302,1596,,https://sra-downloadb.be-md.ncbi.nlm.nih.gov/sos7/sra-pub-zq-41/SRR029/29711/SRR29711604/SRR29711604.lite.1,SRX25214045,MI1,RNA-Seq,cDNA,TRANSCRIPTOMIC,PAIRED,0,0,ILLUMINA,Illumina HiSeq 2000,SRP518086,PRJNA1132130,,1132130,SRS21901436,SAMN42330601,simple,511145,Escherichia coli str. K-12 substr. MG1655,M_1a,,,,,,,no,,,,,BEIJING INSTITUTE OF TECHNOLOGY,SRA1917067,,public,DE80D3230099DE09F930D8D7EFF4DD11,C4708940E01545D541986366F23D5020
SRR29711603,2025-12-31 03:03:17,2024-07-05 08:21:50,15562547,4699889194,15562547,302,1405,,https://sra-downloadb.be-md.ncbi.nlm.nih.gov/sos7/sra-pub-zq-41/SRR029/29711/SRR29711603/SRR29711603.lite.1,SRX25214046,MI2,RNA-Seq,cDNA,TRANSCRIPTOMIC,PAIRED,0,0,ILLUMINA,Illumina HiSeq 2000,SRP518086,PRJNA1132130,,1132130,SRS21901439,SAMN42330602,simple,511145,Escherichia coli str. K-12 substr. MG1655,M_2b,,,,,,,no,,,,,BEIJING INSTITUTE OF TECHNOLOGY,SRA1917067,,public,404C887B94CC29E1D9C7907243D82996,C57993DCC92E08FA51848E0B42869F76
SRR29711608,2025-12-31 03:03:17,2024-07-05 08:21:14,12524845,3782503190,12524845,302,1129,,https://sra-downloadb.be-md.ncbi.nlm.nih.gov/sos7/sra-pub-zq-41/SRR029/29711/SRR29711608/SRR29711608.lite.1,SRX25214041,AI1,RNA-Seq,cDNA,TRANSCRIPTOMIC,PAIRED,0,0,ILLUMINA,Illumina HiSeq 2000,SRP518086,PRJNA1132130,,1132130,SRS21901438,SAMN42330597,simple,511145,Escherichia coli str. K-12 substr. MG1655,A_33,,,,,,,no,,,,,BEIJING INSTITUTE OF TECHNOLOGY,SRA1917067,,public,723C7778A2517092D7767FEB59859046,5EBE7172B6E598D56F823EDEC3448E8E
SRR29711607,2025-12-31 03:03:17,2024-07-05 08:22:11,16580124,5007197448,16580124,302,1496,,https://sra-downloadb.be-md.ncbi.nlm.nih.gov/sos7/sra-pub-zq-41/SRR029/29711/SRR29711607/SRR29711607.lite.1,SRX25214042,BI2,RNA-Seq,cDNA,TRANSCRIPTOMIC,PAIRED,0,0,ILLUMINA,Illumina HiSeq 2000,SRP518086,PRJNA1132130,,1132130,SRS21901437,SAMN42330598,simple,511145,Escherichia coli str. K-12 substr. MG1655,B_33,,,,,,,no,,,,,BEIJING INSTITUTE OF TECHNOLOGY,SRA1917067,,public,7AC5E2D297437226DD14D39D32DA15E9,8ECD3ED2351AD46E284160909A86D5B7
SRR29711606,2025-12-31 03:03:17,2024-07-05 08:22:38,18511521,5590479342,18511521,302,1683,,https://sra-downloadb.be-md.ncbi.nlm.nih.gov/sos7/sra-pub-zq-41/SRR029/29711/SRR29711606/SRR29711606.lite.1,SRX25214043,CKL1,RNA-Seq,cDNA,TRANSCRIPTOMIC,PAIRED,0,0,ILLUMINA,Illumina HiSeq 2000,SRP518086,PRJNA1132130,,1132130,SRS21901434,SAMN42330599,simple,511145,Escherichia coli str. K-12 substr. MG1655,CK_1,,,,,,,no,,,,,BEIJING INSTITUTE OF TECHNOLOGY,SRA1917067,,public,EEF03645B1C736904637645816E1CC7B,15E86F6337E3AF2317BB7D37FF286AD1
SRR29711605,2025-12-31 03:03:17,2024-07-05 08:22:49,18801268,5677982936,18801268,302,1710,,https://sra-downloadb.be-md.ncbi.nlm.nih.gov/sos7/sra-pub-zq-41/SRR029/29711/SRR29711605/SRR29711605.lite.1,SRX25214044,CKL2,RNA-Seq,cDNA,TRANSCRIPTOMIC,PAIRED,0,0,ILLUMINA,Illumina HiSeq 2000,SRP518086,PRJNA1132130,,1132130,SRS21901435,SAMN42330600,simple,511145,Escherichia coli str. K-12 substr. MG1655,CK_2,,,,,,,no,,,,,BEIJING INSTITUTE OF TECHNOLOGY,SRA1917067,,public,BB5699F6CB984F1C9843BD9E9E08F8F6,00A7A8D939A97AD0862FD682284610EC
SRR33767563,2025-07-03 14:29:02,2025-05-30 13:57:13,7007634,1058152734,0,151,391,,https://sra-downloadb.be-md.ncbi.nlm.nih.gov/sos8/sra-pub-zq-818/SRR033/33767/SRR33767563/SRR33767563.lite.1,SRX28990019,G00014553,Tn-Seq,PCR,GENOMIC,SINGLE,0,0,ILLUMINA,NextSeq 1000,SRP588897,PRJNA1270032,,1270032,SRS25209524,SAMN48810484,simple,264203,Zymomonas mobilis subsp. mobilis ZM4 = ATCC 31821,Isobutanol.1.25%_A,,,,,,,no,,,,,UNIVERSITY OF WISCONSIN-MADISON,SRA2139692,,public,4FF1FA9DDB9C11765CD8FB7BEA24B911,1B4405D5FF89B707C5B5FB9D88463F42
SRR33767561,2025-07-03 14:29:02,2025-05-30 13:57:51,10725601,1619565751,0,151,580,,https://sra-downloadb.be-md.ncbi.nlm.nih.gov/sos8/sra-pub-zq-818/SRR033/33767/SRR33767561/SRR33767561.lite.1,SRX28990021,G00015623,Tn-Seq,PCR,GENOMIC,SINGLE,0,0,ILLUMINA,NextSeq 1000,SRP588897,PRJNA1270032,,1270032,SRS25209526,SAMN48810501,simple,264203,Zymomonas mobilis subsp. mobilis ZM4 = ATCC 31821,Isobutanol.1.25%_B,,,,,,,no,,,,,UNIVERSITY OF WISCONSIN-MADISON,SRA2139692,,public,A0A1BC12A825EB97E5E2BCD819C2E939,98245218F827F37ECD591A482F38EF58
SRR33767560,2025-07-03 14:29:02,2025-05-30 13:57:08,6622437,999987987,0,151,370,,https://sra-downloadb.be-md.ncbi.nlm.nih.gov/sos8/sra-pub-zq-818/SRR033/33767/SRR33767560/SRR33767560.lite.1,SRX28990022,G00014547,Tn-Seq,PCR,GENOMIC,SINGLE,0,0,ILLUMINA,NextSeq 1000,SRP588897,PRJNA1270032,,1270032,SRS25209527,SAMN48810497,simple,264203,Zymomonas mobilis subsp. mobilis ZM4 = ATCC 31821,Isobutanol.10%_A,,,,,,,no,,,,,UNIVERSITY OF WISCONSIN-MADISON,SRA2139692,,public,87E63B2BB78B39BDD2FB8F0F87A2AB44,6DDE11DBD24C4526564A5F9CC674B8A4
SRR33767559,2025-07-03 14:29:02,2025-05-30 13:57:40,9919889,1497903239,0,151,551,,https://sra-downloadb.be-md.ncbi.nlm.nih.gov/sos8/sra-pub-zq-818/SRR033/33767/SRR33767559/SRR33767559.lite.1,SRX28990023,G00015736,Tn-Seq,PCR,GENOMIC,SINGLE,0,0,ILLUMINA,NextSeq 1000,SRP588897,PRJNA1270032,,1270032,SRS25209528,SAMN48810513,simple,264203,Zymomonas mobilis subsp. mobilis ZM4 = ATCC 31821,Isobutanol.10%_B,,,,,,,no,,,,,UNIVERSITY OF WISCONSIN-MADISON,SRA2139692,,public,D6CAAF043D72F3FEA675029878C3817C,1AA432BF466C15335223F2A6DD7E5A28
SRR33767558,2025-07-03 14:29:02,2025-05-30 13:57:32,9295093,1403559043,0,151,505,,https://sra-downloadb.be-md.ncbi.nlm.nih.gov/sos8/sra-pub-zq-818/SRR033/33767/SRR33767558/SRR33767558.lite.1,SRX28990024,G00014557,Tn-Seq,PCR,GENOMIC,SINGLE,0,0,ILLUMINA,NextSeq 1000,SRP588897,PRJNA1270032,,1270032,SRS25209529,SAMN48810489,simple,264203,Zymomonas mobilis subsp. mobilis ZM4 = ATCC 31821,Isobutanol.5%_A,,,,,,,no,,,,,UNIVERSITY OF WISCONSIN-MADISON,SRA2139692,,public,C40DDD7611CB31C3BE799A37825450DE,FAB0328F9CA0106BD7ED097E61A551BA
SRR33767557,2025-07-03 14:29:02,2025-05-30 13:57:05,9675737,1461036287,0,151,543,,https://sra-downloadb.be-md.ncbi.nlm.nih.gov/sos8/sra-pub-zq-818/SRR033/33767/SRR33767557/SRR33767557.lite.1,SRX28990025,G00015619,Tn-Seq,PCR,GENOMIC,SINGLE,0,0,ILLUMINA,NextSeq 1000,SRP588897,PRJNA1270032,,1270032,SRS25209530,SAMN48810506,simple,264203,Zymomonas mobilis subsp. mobilis ZM4 = ATCC 31821,Isobutanol.5%_B,,,,,,,no,,,,,UNIVERSITY OF WISCONSIN-MADISON,SRA2139692,,public,8FF41DDFA2B903A75FF79FA77F4BE10F,7E22C3F163BB98D021C2C1BD44CF1615
SRR33767556,2025-07-03 14:29:02,2025-05-30 13:56:50,6836599,1032326449,0,151,382,,https://sra-downloadb.be-md.ncbi.nlm.nih.gov/sos8/sra-pub-zq-818/SRR033/33767/SRR33767556/SRR33767556.lite.1,SRX28990026,G00014529,Tn-Seq,PCR,GENOMIC,SINGLE,0,0,ILLUMINA,NextSeq 1000,SRP588897,PRJNA1270032,,1270032,SRS25209531,SAMN48810493,simple,264203,Zymomonas mobilis subsp. mobilis ZM4 = ATCC 31821,Isobutanol.7.5%_A,,,,,,,no,,,,,UNIVERSITY OF WISCONSIN-MADISON,SRA2139692,,public,31E9FF41315AF223ED1368682CFA7E95,101A15AE1DE3ACCC18C17B24D711F8F0
SRR33767555,2025-07-03 14:29:03,2025-05-30 13:57:16,7345196,1109124596,0,151,410,,https://sra-downloadb.be-md.ncbi.nlm.nih.gov/sos8/sra-pub-zq-818/SRR033/33767/SRR33767555/SRR33767555.lite.1,SRX28990027,G00015626,Tn-Seq,PCR,GENOMIC,SINGLE,0,0,ILLUMINA,NextSeq 1000,SRP588897,PRJNA1270032,,1270032,SRS25209532,SAMN48810509,simple,264203,Zymomonas mobilis subsp. mobilis ZM4 = ATCC 31821,Isobutanol.7.5%_B,,,,,,,no,,,,,UNIVERSITY OF WISCONSIN-MADISON,SRA2139692,,public,B24E8A4C007148F7DEA8CFE73BC16B9B,0861B03FCCAA962E8585A7235A57988A
SRR33968977,2025-07-03 14:29:22,2025-06-13 10:50:12,37309339,11267420378,37309339,302,3115,,https://sra-downloadb.be-md.ncbi.nlm.nih.gov/sos8/sra-pub-zq-818/SRR033/33968/SRR33968977/SRR33968977.lite.1,SRX29167729,ZAE2-G00014299_S244_L003,OTHER,PCR,GENOMIC,PAIRED,0,0,ILLUMINA,Illumina NovaSeq 6000,SRP591874,PRJNA1276497,,1276497,SRS25368224,SAMN49074122,simple,264203,Zymomonas mobilis subsp. mobilis ZM4 = ATCC 31821,P16.2_A4_B,,,,,,,no,,,,,UNIVERSITY OF WISCONSIN-MADISON,SRA2148418,,public,77D7337274478A4F7F9A773FB298EC97,21A0CDA19B85C1DAFF5C49458002148F
SRR33968978,2025-07-03 14:29:23,2025-06-13 10:50:54,43412873,13110687646,43412873,302,3659,,https://sra-downloadb.be-md.ncbi.nlm.nih.gov/sos8/sra-pub-zq-818/SRR033/33968/SRR33968978/SRR33968978.lite.1,SRX29167728,ZAE2-G00014295_S250_L003,OTHER,PCR,GENOMIC,PAIRED,0,0,ILLUMINA,Illumina NovaSeq 6000,SRP591874,PRJNA1276497,,1276497,SRS25368227,SAMN49074121,simple,264203,Zymomonas mobilis subsp. mobilis ZM4 = ATCC 31821,P16.2_B4_B,,,,,,,no,,,,,UNIVERSITY OF WISCONSIN-MADISON,SRA2148418,,public,A45A0E6FE1F9FFA4E6C06C6EA17DDEEC,C43F4F3CA3D59AA0E3E107B82AE6D799
SRR33969016,2025-07-03 14:29:22,2025-06-13 10:52:01,35339827,10672627754,35339827,302,2948,,https://sra-downloadb.be-md.ncbi.nlm.nih.gov/sos8/sra-pub-zq-818/SRR033/33969/SRR33969016/SRR33969016.lite.1,SRX29167690,ZAE2-G00014341_S254_L003,OTHER,PCR,GENOMIC,PAIRED,0,0,ILLUMINA,Illumina NovaSeq 6000,SRP591874,PRJNA1276497,,1276497,SRS25368183,SAMN49074127,simple,264203,Zymomonas mobilis subsp. mobilis ZM4 = ATCC 31821,P16.2_C4_B,,,,,,,no,,,,,UNIVERSITY OF WISCONSIN-MADISON,SRA2148418,,public,939790572250746CACE02B80DB6CECAD,74356CBD707A0BC5D5A7B5063FDC52BD
SRR33969006,2025-07-03 14:29:21,2025-06-13 10:51:28,38292297,11564273694,38292297,302,3222,,https://sra-downloadb.be-md.ncbi.nlm.nih.gov/sos8/sra-pub-zq-818/SRR033/33969/SRR33969006/SRR33969006.lite.1,SRX29167700,ZAE2-G00015300_S261_L003,OTHER,PCR,GENOMIC,PAIRED,0,0,ILLUMINA,Illumina NovaSeq 6000,SRP591874,PRJNA1276497,,1276497,SRS25368197,SAMN49074136,simple,264203,Zymomonas mobilis subsp. mobilis ZM4 = ATCC 31821,P35.2_A4_B,,,,,,,no,,,,,UNIVERSITY OF WISCONSIN-MADISON,SRA2148418,,public,30C928E4F058EC6F08F1ACEA83C0069B,C922D8CCC1A6F9BE685368E0EA40BE64
SRR33969001,2025-07-03 14:29:22,2025-06-13 10:50:07,35592430,10748913860,35592430,302,2987,,https://sra-downloadb.be-md.ncbi.nlm.nih.gov/sos8/sra-pub-zq-818/SRR033/33969/SRR33969001/SRR33969001.lite.1,SRX29167705,ZAE2-G00015325_S267_L003,OTHER,PCR,GENOMIC,PAIRED,0,0,ILLUMINA,Illumina NovaSeq 6000,SRP591874,PRJNA1276497,,1276497,SRS25368203,SAMN49074141,simple,264203,Zymomonas mobilis subsp. mobilis ZM4 = ATCC 31821,P35.2_B4_B,,,,,,,no,,,,,UNIVERSITY OF WISCONSIN-MADISON,SRA2148418,,public,65DB6C5F256C02449D2A174F746AF233,8F6B7E7C72F492C822223B3540C536FF
SRR33969011,2025-07-03 14:29:21,2025-06-13 10:50:09,38924901,11755320102,38924901,302,3275,,https://sra-downloadb.be-md.ncbi.nlm.nih.gov/sos8/sra-pub-zq-818/SRR033/33969/SRR33969011/SRR33969011.lite.1,SRX29167695,ZAE2-G00015283_S271_L003,OTHER,PCR,GENOMIC,PAIRED,0,0,ILLUMINA,Illumina NovaSeq 6000,SRP591874,PRJNA1276497,,1276497,SRS25368190,SAMN49074132,simple,264203,Zymomonas mobilis subsp. mobilis ZM4 = ATCC 31821,P35.2_C4_B,,,,,,,no,,,,,UNIVERSITY OF WISCONSIN-MADISON,SRA2148418,,public,03666DBCF9D7B0382D8CA128E42BE0E8,6A5E13AFF22F45236B48046412E125E3
ERR3450094,2019-11-17 06:44:15,2022-07-15 22:33:09,3113174,467794653,3113174,150,227,,https://sra-downloadb.be-md.ncbi.nlm.nih.gov/sos8/sra-pub-zq-820/ERR003/3450/ERR3450094/ERR3450094.lite.2,ERX3472093,gln3(0)_rep1_p,RNA-Seq,RANDOM,TRANSCRIPTOMIC,PAIRED,516,152.2,ILLUMINA,Illumina MiSeq,ERP116462,PRJEB33652,,590414,ERS3594845,SAMEA5806236,simple,4932,Saccharomyces cerevisiae,SAMEA5806236,,,,,,,no,,,,,Kyoto university,ERA2046562,,public,9E0E7CE6A1F9352C6371A74ECE525F5C,06A49C150EC47D9DDC2B572F34DBA6B0
ERR3450095,2019-11-17 06:44:15,2022-07-17 21:18:13,2134062,320084314,2134062,149,153,,https://sra-downloadb.be-md.ncbi.nlm.nih.gov/sos8/sra-pub-zq-820/ERR003/3450/ERR3450095/ERR3450095.lite.2,ERX3472094,gln3(0)_rep2_p,RNA-Seq,RANDOM,TRANSCRIPTOMIC,PAIRED,442,138.8,ILLUMINA,Illumina MiSeq,ERP116462,PRJEB33652,,590414,ERS3594846,SAMEA5806237,simple,4932,Saccharomyces cerevisiae,SAMEA5806237,,,,,,,no,,,,,Kyoto university,ERA2046562,,public,EE47F19307368C42873B5241513EFD5C,6B1329A46A2B4AF0ADC1A48362474E36
ERR3450096,2019-11-17 06:44:15,2022-07-24 11:16:17,1326663,195597902,1326663,147,91,,https://sra-downloadb.be-md.ncbi.nlm.nih.gov/sos13/sra-pub-zq-1301/ERR003/3450/ERR3450096/ERR3450096.lite.2,ERX3472095,gln3(i-BuOH)_rep1_p,RNA-Seq,RANDOM,TRANSCRIPTOMIC,PAIRED,442,145.9,ILLUMINA,Illumina MiSeq,ERP116462,PRJEB33652,,590414,ERS3594847,SAMEA5806238,simple,4932,Saccharomyces cerevisiae,SAMEA5806238,,,,,,,no,,,,,Kyoto university,ERA2046562,,public,3A2E8D36B669F3C8F11B5492292C73E3,9520F36BAA5D617564DFCECF21436158
ERR3450097,2019-11-17 06:44:15,2022-07-15 23:39:12,3719279,556685512,3719279,149,270,,https://sra-downloadb.be-md.ncbi.nlm.nih.gov/sos1/sra-pub-zq-38/ERR003/3450/ERR3450097/ERR3450097.lite.2,ERX3472096,gln3(i-BuOH)_rep2_p,RNA-Seq,RANDOM,TRANSCRIPTOMIC,PAIRED,464,140.1,ILLUMINA,Illumina MiSeq,ERP116462,PRJEB33652,,590414,ERS3594848,SAMEA5806239,simple,4932,Saccharomyces cerevisiae,SAMEA5806239,,,,,,,no,,,,,Kyoto university,ERA2046562,,public,F87E79F60CFA89A9CEE4FA4AE8A5FEDA,E860D76D7685482CDD2DCFF6BFBDB2E3
ERR3450098,2019-11-17 06:44:15,2022-07-24 11:16:16,1408529,211685293,1408529,150,104,,https://sra-downloadb.be-md.ncbi.nlm.nih.gov/sos8/sra-pub-zq-820/ERR003/3450/ERR3450098/ERR3450098.lite.2,ERX3472097,WT(0)_rep1_p,RNA-Seq,RANDOM,TRANSCRIPTOMIC,PAIRED,486,131.2,ILLUMINA,Illumina MiSeq,ERP116462,PRJEB33652,,590414,ERS3594849,SAMEA5806240,simple,4932,Saccharomyces cerevisiae,SAMEA5806240,,,,,,,no,,,,,Kyoto university,ERA2046562,,public,43F33AEDA6505434A096D4B5B6A48B55,AAF654DC33C8E29F584C4061C3764AAE
ERR3450099,2019-11-17 06:44:15,2022-07-24 11:16:30,2485218,374014943,0,150,178,,https://sra-downloadb.be-md.ncbi.nlm.nih.gov/sos1/sra-pub-zq-38/ERR003/3450/ERR3450099/ERR3450099.lite.2,ERX3472098,WT(0)_rep2_p,RNA-Seq,RANDOM,TRANSCRIPTOMIC,PAIRED,473,141.4,ILLUMINA,Illumina MiSeq,ERP116462,PRJEB33652,,590414,ERS3594850,SAMEA5806241,simple,4932,Saccharomyces cerevisiae,SAMEA5806241,,,,,,,no,,,,,Kyoto university,ERA2046562,,public,5383FA3FC24A818FB1B5F6C7FDC650C1,2775EEEC56E2005EC5FEACC89A55FFED
ERR3450100,2019-11-17 06:44:15,2022-07-19 01:11:15,1709278,255507722,1709278,149,122,,https://sra-downloadb.be-md.ncbi.nlm.nih.gov/sos8/sra-pub-zq-820/ERR003/3450/ERR3450100/ERR3450100.lite.2,ERX3472099,WT(i-BuOH)_rep1_p,RNA-Seq,RANDOM,TRANSCRIPTOMIC,PAIRED,494,149.7,ILLUMINA,Illumina MiSeq,ERP116462,PRJEB33652,,590414,ERS3594851,SAMEA5806242,simple,4932,Saccharomyces cerevisiae,SAMEA5806242,,,,,,,no,,,,,Kyoto university,ERA2046562,,public,78EA06C0918318840617C778C6F25CB9,7FBED720E834AF24EE66094DBF583A04
ERR3450101,2019-11-17 06:44:15,2022-07-24 11:16:24,1588749,234227685,1588749,147,113,,https://sra-downloadb.be-md.ncbi.nlm.nih.gov/sos9/sra-pub-zq-922/ERR003/3450/ERR3450101/ERR3450101.lite.2,ERX3472100,WT(i-BuOH)_rep2_p,RNA-Seq,RANDOM,TRANSCRIPTOMIC,PAIRED,555,190.9,ILLUMINA,Illumina MiSeq,ERP116462,PRJEB33652,,590414,ERS3594852,SAMEA5806243,simple,4932,Saccharomyces cerevisiae,SAMEA5806243,,,,,,,no,,,,,Kyoto university,ERA2046562,,public,170697CA6080EF0B2B3377AFCF861AF4,AC2D5CB027B9F6985688FD10B8FF6C2D
SRR12265250,2020-07-19 19:46:35,2020-07-19 19:45:08,917972,552619144,917972,602,282,,https://sra-downloadb.be-md.ncbi.nlm.nih.gov/sos9/sra-pub-zq-922/SRR012/12265/SRR12265250/SRR12265250.lite.1,SRX8770456,Sensor_20,AMPLICON,PCR,GENOMIC,PAIRED,0,0,ILLUMINA,Illumina MiSeq,SRP272487,PRJNA644061,,644061,SRS7041426,SAMN15447129,simple,562,Escherichia coli,isobutanol_post-selection_sensor,,,,,,,no,,,,,UNIVERSITY OF COLORADO BOULDER,SRA1100526,,public,8963E721F068BB45483EA7BC9536D32E,F4EFC7D613DD34052BB83C911F95376D
SRR12265251,2020-07-19 19:49:39,2020-07-19 19:44:39,348588,209849976,348588,602,101,,https://sra-downloadb.be-md.ncbi.nlm.nih.gov/sos9/sra-pub-zq-924/SRR012/12265/SRR12265251/SRR12265251.lite.1,SRX8770455,Sensor_19,AMPLICON,PCR,GENOMIC,PAIRED,0,0,ILLUMINA,Illumina MiSeq,SRP272487,PRJNA644061,,644061,SRS7041426,SAMN15447129,simple,562,Escherichia coli,isobutanol_post-selection_sensor,,,,,,,no,,,,,UNIVERSITY OF COLORADO BOULDER,SRA1100526,,public,5197BDC2CB2043C6C06A8A6C5335A667,456EDC621B83CAE65AD7CA25CFC1F696
SRR12265252,2020-07-19 19:49:39,2020-07-19 19:44:46,129113,77726026,129113,602,44,,https://sra-downloadb.be-md.ncbi.nlm.nih.gov/sos9/sra-pub-zq-924/SRR012/12265/SRR12265252/SRR12265252.lite.1,SRX8770454,Sensor_18,AMPLICON,PCR,GENOMIC,PAIRED,0,0,ILLUMINA,Illumina MiSeq,SRP272487,PRJNA644061,,644061,SRS7041426,SAMN15447129,simple,562,Escherichia coli,isobutanol_post-selection_sensor,,,,,,,no,,,,,UNIVERSITY OF COLORADO BOULDER,SRA1100526,,public,8D6D865EBC3D70C8E6270A295A4AA576,797F53315825FD2375DDABDF72732962
SRR12265253,2020-07-19 19:46:35,2020-07-19 19:44:50,287564,173113528,287564,602,85,,https://sra-downloadb.be-md.ncbi.nlm.nih.gov/sos9/sra-pub-zq-924/SRR012/12265/SRR12265253/SRR12265253.lite.1,SRX8770453,Sensor_17,AMPLICON,PCR,GENOMIC,PAIRED,0,0,ILLUMINA,Illumina MiSeq,SRP272487,PRJNA644061,,644061,SRS7041426,SAMN15447129,simple,562,Escherichia coli,isobutanol_post-selection_sensor,,,,,,,no,,,,,UNIVERSITY OF COLORADO BOULDER,SRA1100526,,public,AA4867E9DBEBA3B817C887ED19F4C015,6DADA85977E8696828D5DB9546648668
SRR12265254,2020-07-19 19:58:04,2020-07-19 19:47:18,357557,215249314,357557,602,108,,https://sra-downloadb.be-md.ncbi.nlm.nih.gov/sos9/sra-pub-zq-922/SRR012/12265/SRR12265254/SRR12265254.lite.1,SRX8770452,Sensor_16,AMPLICON,PCR,GENOMIC,PAIRED,0,0,ILLUMINA,Illumina MiSeq,SRP272487,PRJNA644061,,644061,SRS7041426,SAMN15447129,simple,562,Escherichia coli,isobutanol_post-selection_sensor,,,,,,,no,,,,,UNIVERSITY OF COLORADO BOULDER,SRA1100526,,public,83E37A9D6C7D47C54673AA4976A00A63,D5D444577C46B7D1D4297433D0EA24EC
SRR12265256,2020-07-19 19:58:04,2020-07-19 19:49:03,63784,19262768,63784,302,11,,https://sra-downloadb.be-md.ncbi.nlm.nih.gov/sos9/sra-pub-zq-922/SRR012/12265/SRR12265256/SRR12265256.lite.1,SRX8770450,Sensor_15,AMPLICON,PCR,GENOMIC,PAIRED,0,0,ILLUMINA,Illumina MiSeq,SRP272487,PRJNA644061,,644061,SRS7041426,SAMN15447129,simple,562,Escherichia coli,isobutanol_post-selection_sensor,,,,,,,no,,,,,UNIVERSITY OF COLORADO BOULDER,SRA1100526,,public,C19DF3F016B985E550D976431CFDCABF,9BD9F7D0095E02ADCFFCD913EFAF499F
SRR12265257,2020-07-19 19:49:39,2020-07-19 19:46:16,213480,64470960,213480,302,39,,https://sra-downloadb.be-md.ncbi.nlm.nih.gov/sos9/sra-pub-zq-922/SRR012/12265/SRR12265257/SRR12265257.lite.1,SRX8770449,Sensor_14,AMPLICON,PCR,GENOMIC,PAIRED,0,0,ILLUMINA,Illumina MiSeq,SRP272487,PRJNA644061,,644061,SRS7041426,SAMN15447129,simple,562,Escherichia coli,isobutanol_post-selection_sensor,,,,,,,no,,,,,UNIVERSITY OF COLORADO BOULDER,SRA1100526,,public,631CA948B1D7B267E0DBB7E77C51CD69,7D9CA876B7AB627AC752712519669949
SRR12265258,2020-07-19 19:58:08,2020-07-19 19:55:06,142624,43072448,142624,302,23,,https://sra-downloadb.be-md.ncbi.nlm.nih.gov/sos9/sra-pub-zq-922/SRR012/12265/SRR12265258/SRR12265258.lite.1,SRX8770448,Sensor_13,AMPLICON,PCR,GENOMIC,PAIRED,0,0,ILLUMINA,Illumina MiSeq,SRP272487,PRJNA644061,,644061,SRS7041426,SAMN15447129,simple,562,Escherichia coli,isobutanol_post-selection_sensor,,,,,,,no,,,,,UNIVERSITY OF COLORADO BOULDER,SRA1100526,,public,003597E2B423E19E2DADFB14C5CF4058,71F5EDB4FB42650EC021E8BB6B80E171
SRR12265259,2020-07-19 19:49:39,2020-07-19 19:45:00,79422,23985444,79422,302,13,,https://sra-downloadb.be-md.ncbi.nlm.nih.gov/sos9/sra-pub-zq-922/SRR012/12265/SRR12265259/SRR12265259.lite.1,SRX8770447,Sensor_12,AMPLICON,PCR,GENOMIC,PAIRED,0,0,ILLUMINA,Illumina MiSeq,SRP272487,PRJNA644061,,644061,SRS7041426,SAMN15447129,simple,562,Escherichia coli,isobutanol_post-selection_sensor,,,,,,,no,,,,,UNIVERSITY OF COLORADO BOULDER,SRA1100526,,public,57075044F0DFDE155A4D533890B4F1C5,3663EC69C259C6236157A10D92806333
SRR12265260,2020-07-19 19:49:39,2020-07-19 19:45:19,188209,56839118,188209,302,31,,https://sra-downloadb.be-md.ncbi.nlm.nih.gov/sos9/sra-pub-zq-924/SRR012/12265/SRR12265260/SRR12265260.lite.1,SRX8770446,Sensor_11,AMPLICON,PCR,GENOMIC,PAIRED,0,0,ILLUMINA,Illumina MiSeq,SRP272487,PRJNA644061,,644061,SRS7041426,SAMN15447129,simple,562,Escherichia coli,isobutanol_post-selection_sensor,,,,,,,no,,,,,UNIVERSITY OF COLORADO BOULDER,SRA1100526,,public,4C4F27F07213812C6B1E76F586EBA902,4B57B37308A7992D045FDC5032F35555
SRR12265261,2020-07-19 19:49:39,2020-07-19 19:46:09,319743,192485286,319743,602,100,,https://sra-downloadb.be-md.ncbi.nlm.nih.gov/sos9/sra-pub-zq-922/SRR012/12265/SRR12265261/SRR12265261.lite.1,SRX8770445,Sensor_10,AMPLICON,PCR,GENOMIC,PAIRED,0,0,ILLUMINA,Illumina MiSeq,SRP272487,PRJNA644061,,644061,SRS7041424,SAMN15447128,simple,562,Escherichia coli,isobutanol_pre-selection_sensor,,,,,,,no,,,,,UNIVERSITY OF COLORADO BOULDER,SRA1100526,,public,E9747DD92BD0E9035B9F75CF261E1560,15BD852BC94A56CE6412940FC24E0F2B
SRR12265262,2020-07-19 19:49:39,2020-07-19 19:46:07,356045,214339090,356045,602,101,,https://sra-downloadb.be-md.ncbi.nlm.nih.gov/sos9/sra-pub-zq-922/SRR012/12265/SRR12265262/SRR12265262.lite.1,SRX8770444,Sensor_9,AMPLICON,PCR,GENOMIC,PAIRED,0,0,ILLUMINA,Illumina MiSeq,SRP272487,PRJNA644061,,644061,SRS7041424,SAMN15447128,simple,562,Escherichia coli,isobutanol_pre-selection_sensor,,,,,,,no,,,,,UNIVERSITY OF COLORADO BOULDER,SRA1100526,,public,4E0037475223926127B1AF045022E6CD,1DCE49BFD8FEC49CF108BDE89A5AA172
SRR12265263,2020-07-19 19:58:04,2020-07-19 19:46:36,379497,228457194,379497,602,110,,https://sra-downloadb.be-md.ncbi.nlm.nih.gov/sos9/sra-pub-zq-924/SRR012/12265/SRR12265263/SRR12265263.lite.1,SRX8770443,Sensor_8,AMPLICON,PCR,GENOMIC,PAIRED,0,0,ILLUMINA,Illumina MiSeq,SRP272487,PRJNA644061,,644061,SRS7041424,SAMN15447128,simple,562,Escherichia coli,isobutanol_pre-selection_sensor,,,,,,,no,,,,,UNIVERSITY OF COLORADO BOULDER,SRA1100526,,public,ABE2C0E368D82548D18AD2471B64E0C2,FA216C5B29133D855E46DA725063217F
SRR12265264,2020-07-19 20:13:19,2020-07-19 20:10:31,281696,169580992,281696,602,81,,https://sra-downloadb.be-md.ncbi.nlm.nih.gov/sos9/sra-pub-zq-924/SRR012/12265/SRR12265264/SRR12265264.lite.1,SRX8770442,Sensor_7,AMPLICON,PCR,GENOMIC,PAIRED,0,0,ILLUMINA,Illumina MiSeq,SRP272487,PRJNA644061,,644061,SRS7041424,SAMN15447128,simple,562,Escherichia coli,isobutanol_pre-selection_sensor,,,,,,,no,,,,,UNIVERSITY OF COLORADO BOULDER,SRA1100526,,public,29BFE2433AFE3601B07426C2CF634B12,1793C3CE798B3A8528FE6B7156DCD784
SRR12265265,2020-07-19 19:49:39,2020-07-19 19:46:15,342566,206224732,342566,602,98,,https://sra-downloadb.be-md.ncbi.nlm.nih.gov/sos9/sra-pub-zq-922/SRR012/12265/SRR12265265/SRR12265265.lite.1,SRX8770441,Sensor_6,AMPLICON,PCR,GENOMIC,PAIRED,0,0,ILLUMINA,Illumina MiSeq,SRP272487,PRJNA644061,,644061,SRS7041424,SAMN15447128,simple,562,Escherichia coli,isobutanol_pre-selection_sensor,,,,,,,no,,,,,UNIVERSITY OF COLORADO BOULDER,SRA1100526,,public,E197755B3CA4FAD464E1A462090AF79B,BDD7C81E8F49AAA5C4B99015C8B8591E
SRR12265267,2020-07-19 19:49:39,2020-07-19 19:45:58,43216,13051232,43216,302,7,,https://sra-downloadb.be-md.ncbi.nlm.nih.gov/sos13/sra-pub-zq-1301/SRR012/12265/SRR12265267/SRR12265267.lite.1,SRX8770439,Sensor_5,AMPLICON,PCR,GENOMIC,PAIRED,0,0,ILLUMINA,Illumina MiSeq,SRP272487,PRJNA644061,,644061,SRS7041424,SAMN15447128,simple,562,Escherichia coli,isobutanol_pre-selection_sensor,,,,,,,no,,,,,UNIVERSITY OF COLORADO BOULDER,SRA1100526,,public,2F71008BF4C61BA798BC6C8E62487156,AEE4C0DBCAD9F84A2AB697EB8706FABE
SRR12265268,2020-07-19 19:49:39,2020-07-19 19:46:12,32580,9839160,32580,302,5,,https://sra-downloadb.be-md.ncbi.nlm.nih.gov/sos13/sra-pub-zq-1301/SRR012/12265/SRR12265268/SRR12265268.lite.1,SRX8770438,Sensor_4,AMPLICON,PCR,GENOMIC,PAIRED,0,0,ILLUMINA,Illumina MiSeq,SRP272487,PRJNA644061,,644061,SRS7041424,SAMN15447128,simple,562,Escherichia coli,isobutanol_pre-selection_sensor,,,,,,,no,,,,,UNIVERSITY OF COLORADO BOULDER,SRA1100526,,public,4D6D6624213E0F0992357FB21CC2B758,9EA3FBDAA2C9132EB6A9DD8CFF012C7F
SRR12265269,2020-07-19 19:49:39,2020-07-19 19:46:33,83517,25222134,83517,302,13,,https://sra-downloadb.be-md.ncbi.nlm.nih.gov/sos9/sra-pub-zq-924/SRR012/12265/SRR12265269/SRR12265269.lite.1,SRX8770437,Sensor_3,AMPLICON,PCR,GENOMIC,PAIRED,0,0,ILLUMINA,Illumina MiSeq,SRP272487,PRJNA644061,,644061,SRS7041424,SAMN15447128,simple,562,Escherichia coli,isobutanol_pre-selection_sensor,,,,,,,no,,,,,UNIVERSITY OF COLORADO BOULDER,SRA1100526,,public,15F1E6651BA607FF2ADFA3E9A34EBE9B,EA8B84E9B5CB21107509BE959E3DC56D
SRR12265270,2020-07-19 19:49:39,2020-07-19 19:46:27,36766,11103332,36766,302,6,,https://sra-downloadb.be-md.ncbi.nlm.nih.gov/sos13/sra-pub-zq-1301/SRR012/12265/SRR12265270/SRR12265270.lite.1,SRX8770436,Sensor_2,AMPLICON,PCR,GENOMIC,PAIRED,0,0,ILLUMINA,Illumina MiSeq,SRP272487,PRJNA644061,,644061,SRS7041424,SAMN15447128,simple,562,Escherichia coli,isobutanol_pre-selection_sensor,,,,,,,no,,,,,UNIVERSITY OF COLORADO BOULDER,SRA1100526,,public,84CA917790D41F99FE1D5EF7B140FC6B,58FFFA3AB8CD3854BDE750A5D8E1AD14
SRR7642967,2018-09-25 17:57:07,2018-08-03 14:38:38,11848449,1196693349,0,101,344,,https://sra-downloadb.be-md.ncbi.nlm.nih.gov/sos9/sra-pub-zq-922/SRR007/642/SRR7642967.sralite.1,SRX4506401,,RNA-Seq,cDNA,TRANSCRIPTOMIC,SINGLE,0,0,ILLUMINA,Illumina HiSeq 2500,SRP156315,PRJNA484406,3,484406,SRS3626769,SAMN09764597,simple,4932,Saccharomyces cerevisiae,GSM3318046,,,,,,,no,,,,,GEO,SRA751741,,public,A243E6E1584BAA6DBCEED61A71672DD1,AC816A42C7532CFBAACF813E93C93AC3
SRR7892090,2020-12-20 00:08:27,2018-09-22 08:29:08,1673711,334742200,1673711,200,151,,https://sra-downloadb.be-md.ncbi.nlm.nih.gov/sos9/sra-pub-zq-922/SRR007/892/SRR7892090.sralite.1,SRX4729667,4B0,WGS,PCR,GENOMIC,PAIRED,0,0,ILLUMINA,Illumina HiSeq 2500,SRP162375,PRJNA492719,,492719,SRS3812099,SAMN10104631,simple,1359,Lactococcus cremoris,4B0,,,,,,,no,,,,,JAWAHARLAL NEHRU UNIVERSITY,SRA782251,,public,D4D54FD8DA28D7BD083F8D0D02D694F2,1325BDDA140629A4FFAE96DD7175002E
SRR12265280,2020-07-19 19:58:03,2020-07-19 19:47:36,767028,231642456,767028,302,93,,https://sra-downloadb.be-md.ncbi.nlm.nih.gov/sos9/sra-pub-zq-922/SRR012/12265/SRR12265280/SRR12265280.lite.1,SRX8770426,IBA_3,AMPLICON,PCR,GENOMIC,PAIRED,0,0,ILLUMINA,Illumina MiSeq,SRP272487,PRJNA644061,,644061,SRS7041421,SAMN15447126,simple,562,Escherichia coli,isobutanol_pre-selection,,,,,,,no,,,,,UNIVERSITY OF COLORADO BOULDER,SRA1100526,,public,4C24D30B3BBD7DEEB219E1540E49CC3B,9487B417C389F3B1DFAD184EFC17F260
SRR12265281,2020-07-19 19:58:03,2020-07-19 19:47:49,768444,232070088,768444,302,94,,https://sra-downloadb.be-md.ncbi.nlm.nih.gov/sos9/sra-pub-zq-922/SRR012/12265/SRR12265281/SRR12265281.lite.1,SRX8770425,IBA_1,AMPLICON,PCR,GENOMIC,PAIRED,0,0,ILLUMINA,Illumina MiSeq,SRP272487,PRJNA644061,,644061,SRS7041421,SAMN15447126,simple,562,Escherichia coli,isobutanol_pre-selection,,,,,,,no,,,,,UNIVERSITY OF COLORADO BOULDER,SRA1100526,,public,BD7B7532BD1E13B5997A1ADC6D0210BF,06EAFDD3DBEB7F8B2188302BDD048637
SRR12265272,2020-07-19 19:58:03,2020-07-19 19:47:00,733186,221422172,733186,302,89,,https://sra-downloadb.be-md.ncbi.nlm.nih.gov/sos9/sra-pub-zq-922/SRR012/12265/SRR12265272/SRR12265272.lite.1,SRX8770434,IBA_14,AMPLICON,PCR,GENOMIC,PAIRED,0,0,ILLUMINA,Illumina MiSeq,SRP272487,PRJNA644061,,644061,SRS7041422,SAMN15447127,simple,562,Escherichia coli,isobutanol_post-selection,,,,,,,no,,,,,UNIVERSITY OF COLORADO BOULDER,SRA1100526,,public,E04F1502B0DFDA00A04BB8F1F121F905,A98153AAEDA5D7B17BFE8CEF0D5487A4
SRR12265273,2020-07-19 19:58:03,2020-07-19 19:47:05,874498,264098396,874498,302,112,,https://sra-downloadb.be-md.ncbi.nlm.nih.gov/sos9/sra-pub-zq-922/SRR012/12265/SRR12265273/SRR12265273.lite.1,SRX8770433,IBA_13,AMPLICON,PCR,GENOMIC,PAIRED,0,0,ILLUMINA,Illumina MiSeq,SRP272487,PRJNA644061,,644061,SRS7041422,SAMN15447127,simple,562,Escherichia coli,isobutanol_post-selection,,,,,,,no,,,,,UNIVERSITY OF COLORADO BOULDER,SRA1100526,,public,0E17BEC9D9E0F9CF1CEEA7D5ED9D22FB,7B0F37FFFB57F89FEB27BDC22FD70E94
SRR12265274,2020-07-19 19:58:03,2020-07-19 19:47:17,1067672,322436944,1067672,302,131,,https://sra-downloadb.be-md.ncbi.nlm.nih.gov/sos9/sra-pub-zq-922/SRR012/12265/SRR12265274/SRR12265274.lite.1,SRX8770432,IBA_12,AMPLICON,PCR,GENOMIC,PAIRED,0,0,ILLUMINA,Illumina MiSeq,SRP272487,PRJNA644061,,644061,SRS7041422,SAMN15447127,simple,562,Escherichia coli,isobutanol_post-selection,,,,,,,no,,,,,UNIVERSITY OF COLORADO BOULDER,SRA1100526,,public,E3DDC768D5A82DD4E896331C5F490EFB,E70E26BC64435921D22460795964737C
SRR12265275,2020-07-19 19:58:03,2020-07-19 19:47:30,1202714,363219628,1202714,302,147,,https://sra-downloadb.be-md.ncbi.nlm.nih.gov/sos9/sra-pub-zq-922/SRR012/12265/SRR12265275/SRR12265275.lite.1,SRX8770431,IBA_11,AMPLICON,PCR,GENOMIC,PAIRED,0,0,ILLUMINA,Illumina MiSeq,SRP272487,PRJNA644061,,644061,SRS7041422,SAMN15447127,simple,562,Escherichia coli,isobutanol_post-selection,,,,,,,no,,,,,UNIVERSITY OF COLORADO BOULDER,SRA1100526,,public,3AF26759716AB41A57905BE66ECE3708,3CF80D634A5D8DE8DEC364491B214C00
SRR12265276,2020-07-19 19:58:03,2020-07-19 19:47:10,662421,200051142,662421,302,84,,https://sra-downloadb.be-md.ncbi.nlm.nih.gov/sos9/sra-pub-zq-922/SRR012/12265/SRR12265276/SRR12265276.lite.1,SRX8770430,IBA_10,AMPLICON,PCR,GENOMIC,PAIRED,0,0,ILLUMINA,Illumina MiSeq,SRP272487,PRJNA644061,,644061,SRS7041422,SAMN15447127,simple,562,Escherichia coli,isobutanol_post-selection,,,,,,,no,,,,,UNIVERSITY OF COLORADO BOULDER,SRA1100526,,public,129FA985AACDBD1D0D340977531431E0,68677C763D113B2D114104822D8B2FF4
SRR12265278,2020-07-19 19:58:03,2020-07-19 19:47:31,638051,192691402,638051,302,78,,https://sra-downloadb.be-md.ncbi.nlm.nih.gov/sos9/sra-pub-zq-922/SRR012/12265/SRR12265278/SRR12265278.lite.1,SRX8770428,IBA_9,AMPLICON,PCR,GENOMIC,PAIRED,0,0,ILLUMINA,Illumina MiSeq,SRP272487,PRJNA644061,,644061,SRS7041422,SAMN15447127,simple,562,Escherichia coli,isobutanol_post-selection,,,,,,,no,,,,,UNIVERSITY OF COLORADO BOULDER,SRA1100526,,public,C86B91B6F67A4D6B229F68E4367FF9C8,3FE7509306F59B567A94BC88CD74E5DE
SRR12265279,2020-07-19 20:01:14,2020-07-19 19:57:56,1341804,405224808,1341804,302,162,,https://sra-downloadb.be-md.ncbi.nlm.nih.gov/sos9/sra-pub-zq-922/SRR012/12265/SRR12265279/SRR12265279.lite.1,SRX8770427,IBA_8,AMPLICON,PCR,GENOMIC,PAIRED,0,0,ILLUMINA,Illumina MiSeq,SRP272487,PRJNA644061,,644061,SRS7041422,SAMN15447127,simple,562,Escherichia coli,isobutanol_post-selection,,,,,,,no,,,,,UNIVERSITY OF COLORADO BOULDER,SRA1100526,,public,95315834495FE778A6ACDD551D9B11A3,436DBE7E07EFA069C86C2D80444F5FD1
SRR12265271,2020-07-19 19:58:03,2020-07-19 19:46:40,37617,11360334,37617,302,6,,https://sra-downloadb.be-md.ncbi.nlm.nih.gov/sos13/sra-pub-zq-1301/SRR012/12265/SRR12265271/SRR12265271.lite.1,SRX8770435,Sensor_1,AMPLICON,PCR,GENOMIC,PAIRED,0,0,ILLUMINA,Illumina MiSeq,SRP272487,PRJNA644061,,644061,SRS7041424,SAMN15447128,simple,562,Escherichia coli,isobutanol_pre-selection_sensor,,,,,,,no,,,,,UNIVERSITY OF COLORADO BOULDER,SRA1100526,,public,FCA72B970179A1CA9BF5A302C443E1D6,FA24D12C5D7395D746B117D6953BBF23
SRR14687189,2021-10-21 12:26:36,2021-05-29 15:43:32,9080136,463086936,0,51,180,,https://sra-downloadb.be-md.ncbi.nlm.nih.gov/sos9/sra-pub-zq-924/SRR014/14687/SRR14687189/SRR14687189.lite.1,SRX11025382,,RNA-Seq,cDNA,TRANSCRIPTOMIC,SINGLE,0,0,ILLUMINA,Illumina HiSeq 2500,SRP321884,PRJNA733673,3,733673,SRS9097315,SAMN19432077,simple,559292,Saccharomyces cerevisiae S288C,GSM5348134,,,,,,,no,,,,,GEO,SRA1238562,,public,C0C0B874E5F1359ACDF8922290515AD4,7967B082112726D31621094566361EE3
SRR14687190,2021-10-21 12:26:36,2021-05-29 15:43:46,9203010,469353510,0,51,184,,https://sra-downloadb.be-md.ncbi.nlm.nih.gov/sos9/sra-pub-zq-924/SRR014/14687/SRR14687190/SRR14687190.lite.1,SRX11025382,,RNA-Seq,cDNA,TRANSCRIPTOMIC,SINGLE,0,0,ILLUMINA,Illumina HiSeq 2500,SRP321884,PRJNA733673,3,733673,SRS9097315,SAMN19432077,simple,559292,Saccharomyces cerevisiae S288C,GSM5348134,,,,,,,no,,,,,GEO,SRA1238562,,public,682AE26E1CE2B4F0A0A14AE414A69481,B8CC02B4FA1A19D2FBF3AECC0692EF1D
SRR14687191,2021-10-21 12:26:36,2021-05-29 15:43:27,9234861,470977911,0,51,184,,https://sra-downloadb.be-md.ncbi.nlm.nih.gov/sos9/sra-pub-zq-924/SRR014/14687/SRR14687191/SRR14687191.lite.1,SRX11025383,,RNA-Seq,cDNA,TRANSCRIPTOMIC,SINGLE,0,0,ILLUMINA,Illumina HiSeq 2500,SRP321884,PRJNA733673,3,733673,SRS9097316,SAMN19432076,simple,559292,Saccharomyces cerevisiae S288C,GSM5348135,,,,,,,no,,,,,GEO,SRA1238562,,public,295343E81262567918057C9485E8DDE3,8A7904C62D823A9336B5A5DE2336E4FB
SRR14687192,2021-10-21 12:26:36,2021-05-29 15:44:18,9365138,477622038,0,51,187,,https://sra-downloadb.be-md.ncbi.nlm.nih.gov/sos9/sra-pub-zq-924/SRR014/14687/SRR14687192/SRR14687192.lite.1,SRX11025383,,RNA-Seq,cDNA,TRANSCRIPTOMIC,SINGLE,0,0,ILLUMINA,Illumina HiSeq 2500,SRP321884,PRJNA733673,3,733673,SRS9097316,SAMN19432076,simple,559292,Saccharomyces cerevisiae S288C,GSM5348135,,,,,,,no,,,,,GEO,SRA1238562,,public,2BAD5CF77C8B9AC55A3DDADB5DA21AF8,954580406586821840DBB9E963ECB4B8
SRR14687193,2021-10-21 12:26:36,2021-05-29 15:43:56,9105404,464375604,0,51,181,,https://sra-downloadb.be-md.ncbi.nlm.nih.gov/sos9/sra-pub-zq-924/SRR014/14687/SRR14687193/SRR14687193.lite.1,SRX11025384,,RNA-Seq,cDNA,TRANSCRIPTOMIC,SINGLE,0,0,ILLUMINA,Illumina HiSeq 2500,SRP321884,PRJNA733673,3,733673,SRS9097317,SAMN19432075,simple,559292,Saccharomyces cerevisiae S288C,GSM5348136,,,,,,,no,,,,,GEO,SRA1238562,,public,8CF55549D797EE0B7C59C73A795D5CC1,395501C260CEECF2AC3CDD434AE98881
SRR14687194,2021-10-21 12:26:36,2021-05-29 15:45:37,9223394,470393094,0,51,184,,https://sra-downloadb.be-md.ncbi.nlm.nih.gov/sos9/sra-pub-zq-924/SRR014/14687/SRR14687194/SRR14687194.lite.1,SRX11025384,,RNA-Seq,cDNA,TRANSCRIPTOMIC,SINGLE,0,0,ILLUMINA,Illumina HiSeq 2500,SRP321884,PRJNA733673,3,733673,SRS9097317,SAMN19432075,simple,559292,Saccharomyces cerevisiae S288C,GSM5348136,,,,,,,no,,,,,GEO,SRA1238562,,public,906BB99B058EAA592EEDCEF1AF790DE7,2258A0AD59EFAF9F89429E755CE6FA66
SRR14687195,2021-10-21 12:26:36,2021-05-29 15:45:27,9496212,484306812,0,51,190,,https://sra-downloadb.be-md.ncbi.nlm.nih.gov/sos9/sra-pub-zq-924/SRR014/14687/SRR14687195/SRR14687195.lite.1,SRX11025385,,RNA-Seq,cDNA,TRANSCRIPTOMIC,SINGLE,0,0,ILLUMINA,Illumina HiSeq 2500,SRP321884,PRJNA733673,3,733673,SRS9097318,SAMN19432074,simple,559292,Saccharomyces cerevisiae S288C,GSM5348137,,,,,,,no,,,,,GEO,SRA1238562,,public,F45366440EC7CEF5C4FAC443C093BF8C,05E765F0327DDCB2B2628822BC767A98
SRR14687196,2021-10-21 12:26:36,2021-05-29 15:45:59,9622098,490726998,0,51,193,,https://sra-downloadb.be-md.ncbi.nlm.nih.gov/sos1/sra-pub-zq-38/SRR014/14687/SRR14687196/SRR14687196.lite.1,SRX11025385,,RNA-Seq,cDNA,TRANSCRIPTOMIC,SINGLE,0,0,ILLUMINA,Illumina HiSeq 2500,SRP321884,PRJNA733673,3,733673,SRS9097318,SAMN19432074,simple,559292,Saccharomyces cerevisiae S288C,GSM5348137,,,,,,,no,,,,,GEO,SRA1238562,,public,C5AF81863B9DFBFBDE33762765F52A10,8D77911384CEA2C7107B975BB8DEE765
SRR14687197,2021-10-21 12:26:36,2021-05-29 15:46:18,8901509,453976959,0,51,178,,https://sra-downloadb.be-md.ncbi.nlm.nih.gov/sos9/sra-pub-zq-924/SRR014/14687/SRR14687197/SRR14687197.lite.1,SRX11025386,,RNA-Seq,cDNA,TRANSCRIPTOMIC,SINGLE,0,0,ILLUMINA,Illumina HiSeq 2500,SRP321884,PRJNA733673,3,733673,SRS9097319,SAMN19432073,simple,559292,Saccharomyces cerevisiae S288C,GSM5348138,,,,,,,no,,,,,GEO,SRA1238562,,public,49210F5505EE06CA3960DDD4B01D4EB7,4699B2438A949E878C1AFF22DC0DEC29
SRR14687198,2021-10-21 12:26:36,2021-05-29 15:45:57,9030764,460568964,0,51,181,,https://sra-downloadb.be-md.ncbi.nlm.nih.gov/sos9/sra-pub-zq-924/SRR014/14687/SRR14687198/SRR14687198.lite.1,SRX11025386,,RNA-Seq,cDNA,TRANSCRIPTOMIC,SINGLE,0,0,ILLUMINA,Illumina HiSeq 2500,SRP321884,PRJNA733673,3,733673,SRS9097319,SAMN19432073,simple,559292,Saccharomyces cerevisiae S288C,GSM5348138,,,,,,,no,,,,,GEO,SRA1238562,,public,133115DC65574E968C0C2FEA02325392,67BC778978A94209EFE6C8226DA470A9
SRR14687199,2021-10-21 12:26:36,2021-05-29 15:46:17,8758725,446694975,0,51,174,,https://sra-downloadb.be-md.ncbi.nlm.nih.gov/sos1/sra-pub-zq-38/SRR014/14687/SRR14687199/SRR14687199.lite.1,SRX11025387,,RNA-Seq,cDNA,TRANSCRIPTOMIC,SINGLE,0,0,ILLUMINA,Illumina HiSeq 2500,SRP321884,PRJNA733673,3,733673,SRS9097320,SAMN19432072,simple,559292,Saccharomyces cerevisiae S288C,GSM5348139,,,,,,,no,,,,,GEO,SRA1238562,,public,FE21C53F581AC4FE800B10781501C2EA,DE06A5864CF54941FD568E167171994E
SRR14687200,2021-10-21 12:26:36,2021-05-29 15:46:13,8860370,451878870,0,51,177,,https://sra-downloadb.be-md.ncbi.nlm.nih.gov/sos9/sra-pub-zq-924/SRR014/14687/SRR14687200/SRR14687200.lite.1,SRX11025387,,RNA-Seq,cDNA,TRANSCRIPTOMIC,SINGLE,0,0,ILLUMINA,Illumina HiSeq 2500,SRP321884,PRJNA733673,3,733673,SRS9097320,SAMN19432072,simple,559292,Saccharomyces cerevisiae S288C,GSM5348139,,,,,,,no,,,,,GEO,SRA1238562,,public,89A7C081416B6D9FFCB6AC075B36D797,432E13A488659F10441B1A2BF87C66E7
SRR14687201,2021-10-21 12:26:36,2021-05-29 15:46:21,9306805,474647055,0,51,185,,https://sra-downloadb.be-md.ncbi.nlm.nih.gov/sos1/sra-pub-zq-38/SRR014/14687/SRR14687201/SRR14687201.lite.1,SRX11025388,,RNA-Seq,cDNA,TRANSCRIPTOMIC,SINGLE,0,0,ILLUMINA,Illumina HiSeq 2500,SRP321884,PRJNA733673,3,733673,SRS9097321,SAMN19432071,simple,559292,Saccharomyces cerevisiae S288C,GSM5348140,,,,,,,no,,,,,GEO,SRA1238562,,public,001C4EFBFB178FDB49E36F945A38EB77,BB4BC4341AEFA57FF16FB505C3E7C653
SRR14687202,2021-10-21 12:26:36,2021-05-29 15:47:16,9443992,481643592,0,51,188,,https://sra-downloadb.be-md.ncbi.nlm.nih.gov/sos13/sra-pub-zq-1301/SRR014/14687/SRR14687202/SRR14687202.lite.1,SRX11025388,,RNA-Seq,cDNA,TRANSCRIPTOMIC,SINGLE,0,0,ILLUMINA,Illumina HiSeq 2500,SRP321884,PRJNA733673,3,733673,SRS9097321,SAMN19432071,simple,559292,Saccharomyces cerevisiae S288C,GSM5348140,,,,,,,no,,,,,GEO,SRA1238562,,public,280324B7E17F92064C28B98E2CE14685,D6C34EC66AFE95A83CB35CD8AD286DD8
SRR14687203,2021-10-21 12:26:36,2021-05-29 15:47:40,8873002,452523102,0,51,176,,https://sra-downloadb.be-md.ncbi.nlm.nih.gov/sos8/sra-pub-zq-820/SRR014/14687/SRR14687203/SRR14687203.lite.1,SRX11025389,,RNA-Seq,cDNA,TRANSCRIPTOMIC,SINGLE,0,0,ILLUMINA,Illumina HiSeq 2500,SRP321884,PRJNA733673,3,733673,SRS9097322,SAMN19432070,simple,559292,Saccharomyces cerevisiae S288C,GSM5348141,,,,,,,no,,,,,GEO,SRA1238562,,public,48A898084884BC770EF094B8BD888FB1,7DAE92DF3EC843AB6A21B212BFAABC02
SRR14687204,2021-10-21 12:26:36,2021-05-29 15:48:16,8992037,458593887,0,51,180,,https://sra-downloadb.be-md.ncbi.nlm.nih.gov/sos1/sra-pub-zq-38/SRR014/14687/SRR14687204/SRR14687204.lite.1,SRX11025389,,RNA-Seq,cDNA,TRANSCRIPTOMIC,SINGLE,0,0,ILLUMINA,Illumina HiSeq 2500,SRP321884,PRJNA733673,3,733673,SRS9097322,SAMN19432070,simple,559292,Saccharomyces cerevisiae S288C,GSM5348141,,,,,,,no,,,,,GEO,SRA1238562,,public,D98FB709E89BFEDEEDE12CFE17CA3A93,062B3B7FC1A13509FBF2A10579EB45F1
SRR14687205,2021-10-21 12:26:36,2021-05-29 15:48:03,6894428,351615828,0,51,136,,https://sra-downloadb.be-md.ncbi.nlm.nih.gov/sos9/sra-pub-zq-924/SRR014/14687/SRR14687205/SRR14687205.lite.1,SRX11025390,,RNA-Seq,cDNA,TRANSCRIPTOMIC,SINGLE,0,0,ILLUMINA,Illumina HiSeq 2500,SRP321884,PRJNA733673,3,733673,SRS9097323,SAMN19432069,simple,559292,Saccharomyces cerevisiae S288C,GSM5348142,,,,,,,no,,,,,GEO,SRA1238562,,public,6E664989DCD65C6D3A7B19AA8359CB6A,F76E54AC55E142F6E7527B070023F040
SRR14687206,2021-10-21 12:26:36,2021-05-29 15:48:34,6990694,356525394,0,51,139,,https://sra-downloadb.be-md.ncbi.nlm.nih.gov/sos9/sra-pub-zq-924/SRR014/14687/SRR14687206/SRR14687206.lite.1,SRX11025390,,RNA-Seq,cDNA,TRANSCRIPTOMIC,SINGLE,0,0,ILLUMINA,Illumina HiSeq 2500,SRP321884,PRJNA733673,3,733673,SRS9097323,SAMN19432069,simple,559292,Saccharomyces cerevisiae S288C,GSM5348142,,,,,,,no,,,,,GEO,SRA1238562,,public,210B5D5168C27AC1D01076A32A74CABB,9B70CBE39F45E9D415BCBCCF4E3042B2
SRR14687207,2021-10-21 12:26:36,2021-05-29 15:48:35,7367087,375721437,0,51,147,,https://sra-downloadb.be-md.ncbi.nlm.nih.gov/sos8/sra-pub-zq-818/SRR014/14687/SRR14687207/SRR14687207.lite.1,SRX11025391,,RNA-Seq,cDNA,TRANSCRIPTOMIC,SINGLE,0,0,ILLUMINA,Illumina HiSeq 2500,SRP321884,PRJNA733673,3,733673,SRS9097324,SAMN19432068,simple,559292,Saccharomyces cerevisiae S288C,GSM5348143,,,,,,,no,,,,,GEO,SRA1238562,,public,09E5ECEBCA1F2CB30BBD19BC02368D1B,EA8E6366746643492187CFAAA9C4C570
SRR14687208,2021-10-21 12:26:36,2021-05-29 15:48:20,7461132,380517732,0,51,150,,https://sra-downloadb.be-md.ncbi.nlm.nih.gov/sos9/sra-pub-zq-924/SRR014/14687/SRR14687208/SRR14687208.lite.1,SRX11025391,,RNA-Seq,cDNA,TRANSCRIPTOMIC,SINGLE,0,0,ILLUMINA,Illumina HiSeq 2500,SRP321884,PRJNA733673,3,733673,SRS9097324,SAMN19432068,simple,559292,Saccharomyces cerevisiae S288C,GSM5348143,,,,,,,no,,,,,GEO,SRA1238562,,public,A3277BB6FFBC68DB576533B6FFE47F54,9787D9A1389D3FADDAD0C64420184463
SRR14687209,2021-10-21 12:26:36,2021-05-29 15:48:52,7316517,373142367,0,51,146,,https://sra-downloadb.be-md.ncbi.nlm.nih.gov/sos9/sra-pub-zq-924/SRR014/14687/SRR14687209/SRR14687209.lite.1,SRX11025392,,RNA-Seq,cDNA,TRANSCRIPTOMIC,SINGLE,0,0,ILLUMINA,Illumina HiSeq 2500,SRP321884,PRJNA733673,3,733673,SRS9097325,SAMN19432067,simple,559292,Saccharomyces cerevisiae S288C,GSM5348144,,,,,,,no,,,,,GEO,SRA1238562,,public,00DDECAB467782532C838961E727C4B2,0A37141AA39950D61F2956FD50D247B4
SRR14687210,2021-10-21 12:26:36,2021-05-29 15:48:26,7411990,378011490,0,51,148,,https://sra-downloadb.be-md.ncbi.nlm.nih.gov/sos9/sra-pub-zq-924/SRR014/14687/SRR14687210/SRR14687210.lite.1,SRX11025392,,RNA-Seq,cDNA,TRANSCRIPTOMIC,SINGLE,0,0,ILLUMINA,Illumina HiSeq 2500,SRP321884,PRJNA733673,3,733673,SRS9097325,SAMN19432067,simple,559292,Saccharomyces cerevisiae S288C,GSM5348144,,,,,,,no,,,,,GEO,SRA1238562,,public,9E91CD1AFF698B50A1DC7B7ABC39B243,E26EF152E4A2E94602AAC212A70DF6EE
SRR14687211,2021-10-21 12:26:36,2021-05-29 15:49:42,6901235,351962985,0,51,137,,https://sra-downloadb.be-md.ncbi.nlm.nih.gov/sos13/sra-pub-zq-1301/SRR014/14687/SRR14687211/SRR14687211.lite.1,SRX11025393,,RNA-Seq,cDNA,TRANSCRIPTOMIC,SINGLE,0,0,ILLUMINA,Illumina HiSeq 2500,SRP321884,PRJNA733673,3,733673,SRS9097326,SAMN19432066,simple,559292,Saccharomyces cerevisiae S288C,GSM5348145,,,,,,,no,,,,,GEO,SRA1238562,,public,9D0FAC14C5FFE8D92FA9037C438B62C1,6C530B63940BADC8422C5F378C07E058
SRR14687212,2021-10-21 12:26:36,2021-05-29 15:50:30,6992703,356627853,0,51,139,,https://sra-downloadb.be-md.ncbi.nlm.nih.gov/sos1/sra-pub-zq-38/SRR014/14687/SRR14687212/SRR14687212.lite.1,SRX11025393,,RNA-Seq,cDNA,TRANSCRIPTOMIC,SINGLE,0,0,ILLUMINA,Illumina HiSeq 2500,SRP321884,PRJNA733673,3,733673,SRS9097326,SAMN19432066,simple,559292,Saccharomyces cerevisiae S288C,GSM5348145,,,,,,,no,,,,,GEO,SRA1238562,,public,2F5CDA67D2F60BE258054CF4E295DD6D,DCE03EEB747EB9A2008B42B3DEE08AAD
SRR14687213,2021-10-21 12:26:36,2021-05-29 15:50:33,6780382,345799482,0,51,134,,https://sra-downloadb.be-md.ncbi.nlm.nih.gov/sos8/sra-pub-zq-820/SRR014/14687/SRR14687213/SRR14687213.lite.1,SRX11025394,,RNA-Seq,cDNA,TRANSCRIPTOMIC,SINGLE,0,0,ILLUMINA,Illumina HiSeq 2500,SRP321884,PRJNA733673,3,733673,SRS9097327,SAMN19432065,simple,559292,Saccharomyces cerevisiae S288C,GSM5348146,,,,,,,no,,,,,GEO,SRA1238562,,public,086D113560AE59532142A3EB3FC1E86A,B5AF9AD48F0F306C8C53C9A6D99A6013
SRR14687214,2021-10-21 12:26:36,2021-05-29 15:50:43,6871140,350428140,0,51,137,,https://sra-downloadb.be-md.ncbi.nlm.nih.gov/sos9/sra-pub-zq-924/SRR014/14687/SRR14687214/SRR14687214.lite.1,SRX11025394,,RNA-Seq,cDNA,TRANSCRIPTOMIC,SINGLE,0,0,ILLUMINA,Illumina HiSeq 2500,SRP321884,PRJNA733673,3,733673,SRS9097327,SAMN19432065,simple,559292,Saccharomyces cerevisiae S288C,GSM5348146,,,,,,,no,,,,,GEO,SRA1238562,,public,07C07B6430DEAE6F83D46D0037D0D7C4,5F2036349232369317C32DE722B57982
SRR14687215,2021-10-21 12:26:36,2021-05-29 15:50:20,6750065,344253315,0,51,135,,https://sra-downloadb.be-md.ncbi.nlm.nih.gov/sos1/sra-pub-zq-38/SRR014/14687/SRR14687215/SRR14687215.lite.1,SRX11025395,,RNA-Seq,cDNA,TRANSCRIPTOMIC,SINGLE,0,0,ILLUMINA,Illumina HiSeq 2500,SRP321884,PRJNA733673,3,733673,SRS9097328,SAMN19432064,simple,559292,Saccharomyces cerevisiae S288C,GSM5348147,,,,,,,no,,,,,GEO,SRA1238562,,public,CDA791314C84F3B9D214A040FA3187A6,98BC69390486236F2A52B295077B2859
SRR14687216,2021-10-21 12:26:36,2021-05-29 15:50:47,6805357,347073207,0,51,137,,https://sra-downloadb.be-md.ncbi.nlm.nih.gov/sos1/sra-pub-zq-38/SRR014/14687/SRR14687216/SRR14687216.lite.1,SRX11025395,,RNA-Seq,cDNA,TRANSCRIPTOMIC,SINGLE,0,0,ILLUMINA,Illumina HiSeq 2500,SRP321884,PRJNA733673,3,733673,SRS9097328,SAMN19432064,simple,559292,Saccharomyces cerevisiae S288C,GSM5348147,,,,,,,no,,,,,GEO,SRA1238562,,public,A8D0217750A1AEA9CD4F6A33C70B79A0,C9A1521E8FAF1BED2FDFC8DC6651EA02
SRR14687217,2021-10-21 12:26:36,2021-05-29 15:53:26,8629012,1302980812,0,151,646,,https://sra-downloadb.be-md.ncbi.nlm.nih.gov/sos13/sra-pub-zq-1301/SRR014/14687/SRR14687217/SRR14687217.lite.1,SRX11025396,,RNA-Seq,cDNA,TRANSCRIPTOMIC,SINGLE,0,0,ILLUMINA,Illumina HiSeq 2500,SRP321884,PRJNA733673,3,733673,SRS9097329,SAMN19432756,simple,559292,Saccharomyces cerevisiae S288C,GSM5348148,,,,,,,no,,,,,GEO,SRA1238562,,public,ADC187B620AEBFC2B40501B297883E36,E0AE386EBF77F24EC2CE34A9EF759DB9
SRR14687218,2021-10-21 12:26:36,2021-05-29 15:54:19,9208264,1390447864,0,151,691,,https://sra-downloadb.be-md.ncbi.nlm.nih.gov/sos9/sra-pub-zq-924/SRR014/14687/SRR14687218/SRR14687218.lite.1,SRX11025397,,RNA-Seq,cDNA,TRANSCRIPTOMIC,SINGLE,0,0,ILLUMINA,Illumina HiSeq 2500,SRP321884,PRJNA733673,3,733673,SRS9097330,SAMN19432755,simple,559292,Saccharomyces cerevisiae S288C,GSM5348149,,,,,,,no,,,,,GEO,SRA1238562,,public,C7A692E31B6F0DD412A1EC935F9723C7,9DF01C255E41729C9C9FEAC18A7E01A0
SRR14687219,2021-10-21 12:26:36,2021-05-29 15:51:56,7937950,404835450,0,51,158,,https://sra-downloadb.be-md.ncbi.nlm.nih.gov/sos8/sra-pub-zq-818/SRR014/14687/SRR14687219/SRR14687219.lite.1,SRX11025398,,RNA-Seq,cDNA,TRANSCRIPTOMIC,SINGLE,0,0,ILLUMINA,Illumina HiSeq 2500,SRP321884,PRJNA733673,3,733673,SRS9097331,SAMN19432754,simple,559292,Saccharomyces cerevisiae S288C,GSM5348150,,,,,,,no,,,,,GEO,SRA1238562,,public,D8CBEDD509BD89347CE1495AD83762B8,679EA7D283DE7E47D21B72450EF876F2
SRR14687220,2021-10-21 12:26:36,2021-05-29 15:52:35,8056040,410858040,0,51,161,,https://sra-downloadb.be-md.ncbi.nlm.nih.gov/sos13/sra-pub-zq-1301/SRR014/14687/SRR14687220/SRR14687220.lite.1,SRX11025398,,RNA-Seq,cDNA,TRANSCRIPTOMIC,SINGLE,0,0,ILLUMINA,Illumina HiSeq 2500,SRP321884,PRJNA733673,3,733673,SRS9097331,SAMN19432754,simple,559292,Saccharomyces cerevisiae S288C,GSM5348150,,,,,,,no,,,,,GEO,SRA1238562,,public,EBB3C31398945A49620703E7D64FD326,C1222967DE01D866B51CCD4549CF853F
SRR14687221,2021-10-21 12:26:36,2021-05-29 15:52:11,7595228,387356628,0,51,151,,https://sra-downloadb.be-md.ncbi.nlm.nih.gov/sos8/sra-pub-zq-820/SRR014/14687/SRR14687221/SRR14687221.lite.1,SRX11025399,,RNA-Seq,cDNA,TRANSCRIPTOMIC,SINGLE,0,0,ILLUMINA,Illumina HiSeq 2500,SRP321884,PRJNA733673,3,733673,SRS9097332,SAMN19432084,simple,559292,Saccharomyces cerevisiae S288C,GSM5348151,,,,,,,no,,,,,GEO,SRA1238562,,public,103BEEA30A4E565626A6F19AFDAC5A5F,499B2C5CB5610CA1DE22F16AC64CB58E
SRR14687222,2021-10-21 12:26:36,2021-05-29 15:52:35,7647757,390035607,0,51,153,,https://sra-downloadb.be-md.ncbi.nlm.nih.gov/sos13/sra-pub-zq-1301/SRR014/14687/SRR14687222/SRR14687222.lite.1,SRX11025399,,RNA-Seq,cDNA,TRANSCRIPTOMIC,SINGLE,0,0,ILLUMINA,Illumina HiSeq 2500,SRP321884,PRJNA733673,3,733673,SRS9097332,SAMN19432084,simple,559292,Saccharomyces cerevisiae S288C,GSM5348151,,,,,,,no,,,,,GEO,SRA1238562,,public,4D94E81A0A25CC3A2E3BF13F511A0CBD,2DB82FFFAB2CA2D52D5D82B0CDB4319A
SRR14687223,2021-10-21 12:26:36,2021-05-29 15:53:24,7912165,403520415,0,51,158,,https://sra-downloadb.be-md.ncbi.nlm.nih.gov/sos13/sra-pub-zq-1301/SRR014/14687/SRR14687223/SRR14687223.lite.1,SRX11025400,,RNA-Seq,cDNA,TRANSCRIPTOMIC,SINGLE,0,0,ILLUMINA,Illumina HiSeq 2500,SRP321884,PRJNA733673,3,733673,SRS9097333,SAMN19432083,simple,559292,Saccharomyces cerevisiae S288C,GSM5348152,,,,,,,no,,,,,GEO,SRA1238562,,public,E351B547DDB2B83442882C65F830683C,5916E319EFC8492BCC1B07CCBF62F58C
SRR14687224,2021-10-21 12:26:36,2021-05-29 15:53:08,8014564,408742764,0,51,161,,https://sra-downloadb.be-md.ncbi.nlm.nih.gov/sos9/sra-pub-zq-924/SRR014/14687/SRR14687224/SRR14687224.lite.1,SRX11025400,,RNA-Seq,cDNA,TRANSCRIPTOMIC,SINGLE,0,0,ILLUMINA,Illumina HiSeq 2500,SRP321884,PRJNA733673,3,733673,SRS9097333,SAMN19432083,simple,559292,Saccharomyces cerevisiae S288C,GSM5348152,,,,,,,no,,,,,GEO,SRA1238562,,public,B5FA6334CA61A922E99FD62296FA7213,AC86DB461714DA1CB8AA61C49910E65E
SRR14687225,2021-10-21 12:26:36,2021-05-29 15:53:10,7326679,373660629,0,51,146,,https://sra-downloadb.be-md.ncbi.nlm.nih.gov/sos9/sra-pub-zq-924/SRR014/14687/SRR14687225/SRR14687225.lite.1,SRX11025401,,RNA-Seq,cDNA,TRANSCRIPTOMIC,SINGLE,0,0,ILLUMINA,Illumina HiSeq 2500,SRP321884,PRJNA733673,3,733673,SRS9097334,SAMN19432082,simple,559292,Saccharomyces cerevisiae S288C,GSM5348153,,,,,,,no,,,,,GEO,SRA1238562,,public,D5A7E21AED051F26B2798155B9F2C23E,9DEF17E0A8F2B39AF43C2FF01ADEF892
SRR14687226,2021-10-21 12:26:36,2021-05-29 15:53:41,7426899,378771849,0,51,148,,https://sra-downloadb.be-md.ncbi.nlm.nih.gov/sos9/sra-pub-zq-924/SRR014/14687/SRR14687226/SRR14687226.lite.1,SRX11025401,,RNA-Seq,cDNA,TRANSCRIPTOMIC,SINGLE,0,0,ILLUMINA,Illumina HiSeq 2500,SRP321884,PRJNA733673,3,733673,SRS9097334,SAMN19432082,simple,559292,Saccharomyces cerevisiae S288C,GSM5348153,,,,,,,no,,,,,GEO,SRA1238562,,public,71AB3857D7D22A48CD91376B7E7BF562,B1A82C27BEC2608A97A6B5F53512CD85
SRR14687227,2021-10-21 12:26:36,2021-05-29 15:53:58,7470757,381008607,0,51,149,,https://sra-downloadb.be-md.ncbi.nlm.nih.gov/sos9/sra-pub-zq-924/SRR014/14687/SRR14687227/SRR14687227.lite.1,SRX11025402,,RNA-Seq,cDNA,TRANSCRIPTOMIC,SINGLE,0,0,ILLUMINA,Illumina HiSeq 2500,SRP321884,PRJNA733673,3,733673,SRS9097335,SAMN19432081,simple,559292,Saccharomyces cerevisiae S288C,GSM5348154,,,,,,,no,,,,,GEO,SRA1238562,,public,A1DAC34E93464E88F23F8DF0C3EF32FE,507AC5A2BA03315525D9C90213C87734
SRR14687228,2021-10-21 12:26:36,2021-05-29 15:54:30,7578498,386503398,0,51,152,,https://sra-downloadb.be-md.ncbi.nlm.nih.gov/sos1/sra-pub-zq-38/SRR014/14687/SRR14687228/SRR14687228.lite.1,SRX11025402,,RNA-Seq,cDNA,TRANSCRIPTOMIC,SINGLE,0,0,ILLUMINA,Illumina HiSeq 2500,SRP321884,PRJNA733673,3,733673,SRS9097335,SAMN19432081,simple,559292,Saccharomyces cerevisiae S288C,GSM5348154,,,,,,,no,,,,,GEO,SRA1238562,,public,8DC966D248C0A6B1FB9BCAB7068B1537,2908ACD8D74E3561BD1184D727F1B911
ERR2624980,2018-07-04 01:30:46,2021-11-02 04:22:23,42222906,6333435900,42222906,150,2692,,https://sra-downloadb.be-md.ncbi.nlm.nih.gov/sos8/sra-pub-zq-818/ERR002/2624/ERR2624980/ERR2624980.lite.2,ERX2641512,controlA_p,RNA-Seq,cDNA,TRANSCRIPTOMIC,PAIRED,75,0,ILLUMINA,NextSeq 500,ERP109305,PRJEB27245,,478895,ERS2542681,SAMEA4722541,simple,5518,Fusarium graminearum,SAMEA4722541,,,,,,,no,,,,,LGC Genomics GmbH,ERA1516770,,public,8F74C226A89A7EB884B553321CBD86C4,0B9D9A23B4E278B68299A460E126ED9F
ERR2624981,2018-07-04 01:30:46,2021-11-02 03:48:29,40022950,6003442500,40022950,150,2555,,https://sra-downloadb.be-md.ncbi.nlm.nih.gov/sos8/sra-pub-zq-818/ERR002/2624/ERR2624981/ERR2624981.lite.2,ERX2641513,controlB_p,RNA-Seq,cDNA,TRANSCRIPTOMIC,PAIRED,75,0,ILLUMINA,NextSeq 500,ERP109305,PRJEB27245,,478895,ERS2542682,SAMEA4722542,simple,5518,Fusarium graminearum,SAMEA4722542,,,,,,,no,,,,,LGC Genomics GmbH,ERA1516770,,public,4916D02443CC477C0DB261D5985BAE52,1C07A278C02A163DF08C2A33F9A0D39C
ERR2624982,2018-07-04 01:30:46,2021-11-02 03:43:50,37701684,5655252600,37701684,150,2400,,https://sra-downloadb.be-md.ncbi.nlm.nih.gov/sos8/sra-pub-zq-818/ERR002/2624/ERR2624982/ERR2624982.lite.2,ERX2641514,controlC_p,RNA-Seq,cDNA,TRANSCRIPTOMIC,PAIRED,75,0,ILLUMINA,NextSeq 500,ERP109305,PRJEB27245,,478895,ERS2542683,SAMEA4722543,simple,5518,Fusarium graminearum,SAMEA4722543,,,,,,,no,,,,,LGC Genomics GmbH,ERA1516770,,public,7BBEFFBB4CE3065A053BB48E9DD325FB,0E03E9CF253025A7FEBE249ABAD1E3DC
ERR2624983,2018-07-04 01:30:46,2021-11-02 02:23:25,23939449,3590917350,23939449,150,1527,,https://sra-downloadb.be-md.ncbi.nlm.nih.gov/sos8/sra-pub-zq-818/ERR002/2624/ERR2624983/ERR2624983.lite.2,ERX2641515,controlD_p,RNA-Seq,cDNA,TRANSCRIPTOMIC,PAIRED,75,0,ILLUMINA,NextSeq 500,ERP109305,PRJEB27245,,478895,ERS2542684,SAMEA4722544,simple,5518,Fusarium graminearum,SAMEA4722544,,,,,,,no,,,,,LGC Genomics GmbH,ERA1516770,,public,CDF3AC880EEB00322BD5C4A3ACCA29B2,77C59FCA0D53ED88D11B8BFB3DBE2A89
ERR2624984,2018-07-04 01:30:46,2021-11-02 03:26:11,62516329,9377449350,62516329,150,3972,,https://sra-downloadb.be-md.ncbi.nlm.nih.gov/sos8/sra-pub-zq-818/ERR002/2624/ERR2624984/ERR2624984.lite.2,ERX2641516,TreatedA_p,RNA-Seq,cDNA,TRANSCRIPTOMIC,PAIRED,75,0,ILLUMINA,NextSeq 500,ERP109305,PRJEB27245,,478895,ERS2542685,SAMEA4722545,simple,5518,Fusarium graminearum,SAMEA4722545,,,,,,,no,,,,,LGC Genomics GmbH,ERA1516770,,public,CFADDA7292C1BFF7D146B89B6031E787,94CAAB7DC5C12DD86562C52FA9D485D9
ERR2624985,2018-07-04 01:30:46,2021-11-02 04:29:45,60553139,9082970850,60553139,150,3854,,https://sra-downloadb.be-md.ncbi.nlm.nih.gov/sos8/sra-pub-zq-818/ERR002/2624/ERR2624985/ERR2624985.lite.2,ERX2641517,TreatedB_p,RNA-Seq,cDNA,TRANSCRIPTOMIC,PAIRED,75,0,ILLUMINA,NextSeq 500,ERP109305,PRJEB27245,,478895,ERS2542686,SAMEA4722546,simple,5518,Fusarium graminearum,SAMEA4722546,,,,,,,no,,,,,LGC Genomics GmbH,ERA1516770,,public,089AD2BECE465E4BB291C4B5E6B2E96A,D2D5B1565DA3FD2027AD04C05E80DA05
ERR2624986,2018-07-04 01:30:46,2021-11-02 03:06:38,28727511,4309126650,28727511,150,1833,,https://sra-downloadb.be-md.ncbi.nlm.nih.gov/sos8/sra-pub-zq-818/ERR002/2624/ERR2624986/ERR2624986.lite.2,ERX2641518,TreatedC_p,RNA-Seq,cDNA,TRANSCRIPTOMIC,PAIRED,75,0,ILLUMINA,NextSeq 500,ERP109305,PRJEB27245,,478895,ERS2542687,SAMEA4722547,simple,5518,Fusarium graminearum,SAMEA4722547,,,,,,,no,,,,,LGC Genomics GmbH,ERA1516770,,public,624811517E2F1B2316FF15AF7C4C3877,009C9CA9AF5CD662CACEAC15DA91B4B9
ERR2624987,2018-07-04 01:30:46,2021-11-02 03:47:40,40257043,6038556450,40257043,150,2559,,https://sra-downloadb.be-md.ncbi.nlm.nih.gov/sos8/sra-pub-zq-818/ERR002/2624/ERR2624987/ERR2624987.lite.2,ERX2641519,TreatedD_p,RNA-Seq,cDNA,TRANSCRIPTOMIC,PAIRED,75,0,ILLUMINA,NextSeq 500,ERP109305,PRJEB27245,,478895,ERS2542688,SAMEA4722548,simple,5518,Fusarium graminearum,SAMEA4722548,,,,,,,no,,,,,LGC Genomics GmbH,ERA1516770,,public,0372D091ED339C54FCED97D66EF98EED,5A431BA3118E072B98BD4BBE0819B0F3
SRR064642,2010-12-26 03:19:57,2014-05-27 14:57:59,5968953,907280856,5968953,152,447,,https://sra-downloadb.be-md.ncbi.nlm.nih.gov/sos12/sra-pub-zq-1211/SRR000/064/SRR064642/SRR064642.sralite.1,SRX025873,500bp paired-end,WGS,RANDOM,GENOMIC,PAIRED,0,0,ILLUMINA,Illumina Genome Analyzer II,SRP003312,,,0,SRS113590,SAMN00109675,simple,511145,Escherichia coli str. K-12 substr. MG1655,JCL260_wt,,,,,,,no,,,,,"UNIVERSITY OF CALIFORNIA, LOS ANGELES",SRA023550,,public,5B10BA6C6946AA103025AFAEEF517ED3,8277292074A78E97AA62770D903CF515
SRR064643,2010-12-26 03:19:57,2014-05-27 14:58:12,4962680,754327360,4962680,152,331,,https://sra-downloadb.be-md.ncbi.nlm.nih.gov/sos12/sra-pub-zq-1211/SRR000/064/SRR064643/SRR064643.sralite.1,SRX025874,500bp paired-end,WGS,RANDOM,GENOMIC,PAIRED,0,0,ILLUMINA,Illumina Genome Analyzer II,SRP003312,,,0,SRS113591,SAMN00109676,simple,511145,Escherichia coli str. K-12 substr. MG1655,SA481_mut,,,,,,,no,,,,,"UNIVERSITY OF CALIFORNIA, LOS ANGELES",SRA023550,,public,6ED2FDD53CF67201A683DB4E10619D2D,8BEFE310BEA3E502729B663CB3CB46B8
SRR6370305,2020-07-08 18:13:20,2017-12-12 18:06:13,18372704,3674540800,18372704,200,1534,,https://sra-downloadb.be-md.ncbi.nlm.nih.gov/sos9/sra-pub-zq-922/SRR006/370/SRR6370305.sralite.1,SRX3465632,,RNA-Seq,cDNA,TRANSCRIPTOMIC,PAIRED,0,0,ILLUMINA,Illumina HiSeq 2500,SRP126584,PRJNA422127,3,422127,SRS2753581,SAMN08166015,simple,1359,Lactococcus cremoris,GSM2886449,,,,,,,no,,,,,GEO,SRA637753,,public,68D2A1414F449CCEDDA850ED2D119D41,C618DF6E0A4E820B34D61834D68E307B
SRR6370306,2020-07-08 18:13:20,2017-12-12 18:08:08,23351651,4670330200,23351651,200,1951,,https://sra-downloadb.be-md.ncbi.nlm.nih.gov/sos9/sra-pub-zq-922/SRR006/370/SRR6370306.sralite.1,SRX3465633,,RNA-Seq,cDNA,TRANSCRIPTOMIC,PAIRED,0,0,ILLUMINA,Illumina HiSeq 2500,SRP126584,PRJNA422127,3,422127,SRS2753582,SAMN08166016,simple,1359,Lactococcus cremoris,GSM2886450,,,,,,,no,,,,,GEO,SRA637753,,public,089CAFA292E942A12AC585E3A42D0DCB,7CAADB0C6D37487469987986B1C2E45D
SRR6370307,2020-07-08 18:13:20,2017-12-12 18:02:48,7974096,1594819200,7974096,200,674,,https://sra-downloadb.be-md.ncbi.nlm.nih.gov/sos9/sra-pub-zq-922/SRR006/370/SRR6370307.sralite.1,SRX3465634,,RNA-Seq,cDNA,TRANSCRIPTOMIC,PAIRED,0,0,ILLUMINA,Illumina HiSeq 2500,SRP126584,PRJNA422127,3,422127,SRS2753583,SAMN08166017,simple,1359,Lactococcus cremoris,GSM2886451,,,,,,,no,,,,,GEO,SRA637753,,public,121604553AB5C7307EFAA47A8541718E,87620E5264DD2310EA31753CCC2A13E3
SRR6903496,2020-07-08 18:13:20,2018-03-27 14:00:45,19923151,3984630200,19923151,200,1612,,https://sra-downloadb.be-md.ncbi.nlm.nih.gov/sos9/sra-pub-zq-922/SRR006/903/SRR6903496.sralite.1,SRX3852246,,RNA-Seq,cDNA,TRANSCRIPTOMIC,PAIRED,0,0,ILLUMINA,Illumina HiSeq 2500,SRP126584,PRJNA422127,3,422127,SRS3096430,SAMN08800371,simple,1359,Lactococcus cremoris,GSM3068949,,,,,,,no,,,,,GEO,SRA637753,,public,BED1BC580C7AEB317312EC789A1BAEF6,C1D760A04BFB3CE1DA87124F96BBCAB1
SRR7009349,2018-04-30 00:30:26,2018-04-16 12:48:39,10941327,3282398100,10941327,300,1358,,https://sra-downloadb.be-md.ncbi.nlm.nih.gov/sos12/sra-pub-zq-1214/SRR007/009/SRR7009349.sralite.1,SRX3941833,GW_isobutanol_R1,AMPLICON,PCR,SYNTHETIC,PAIRED,0,0,ILLUMINA,HiSeq X Ten,SRP140506,PRJNA450392,,450392,SRS3172409,SAMN08937572,simple,562,Escherichia coli,GW_isobutanol_R1,,,,,,,no,,,,,TSINGHUA UNIVERSITY,SRA691328,,public,235BA02554AE7B68D6DC326D0AF52BCA,5B0C9D70E152D0774452B6998F0C968C
SRR7009342,2018-04-30 00:30:27,2018-04-16 12:51:58,18306296,5491888800,18306296,300,2331,,https://sra-downloadb.be-md.ncbi.nlm.nih.gov/sos12/sra-pub-zq-1214/SRR007/009/SRR7009342.sralite.1,SRX3941840,GW_isobutanol_R2,AMPLICON,PCR,SYNTHETIC,PAIRED,0,0,ILLUMINA,HiSeq X Ten,SRP140506,PRJNA450392,,450392,SRS3172418,SAMN08937573,simple,562,Escherichia coli,GW_isobutanol_R2,,,,,,,no,,,,,TSINGHUA UNIVERSITY,SRA691328,,public,F179C1E46305F059DF7FAAA48184534B,D6A97F4C01659D693741E1D5DBEDA023
SRR7642934,2018-09-25 17:57:06,2018-08-03 14:37:20,11189573,1130146873,0,101,325,,https://sra-downloadb.be-md.ncbi.nlm.nih.gov/sos12/sra-pub-zq-1216/SRR007/642/SRR7642934.sralite.1,SRX4506368,,RNA-Seq,cDNA,TRANSCRIPTOMIC,SINGLE,0,0,ILLUMINA,Illumina HiSeq 2500,SRP156315,PRJNA484406,3,484406,SRS3626799,SAMN09764632,simple,4932,Saccharomyces cerevisiae,GSM3318013,,,,,,,no,,,,,GEO,SRA751741,,public,071576A1C02B527FBEA1AD3173F9A772,08765878B409A3D12A53F754244F1F48
SRR7642935,2018-09-25 17:57:06,2018-08-03 14:36:46,10910340,1101944340,0,101,311,,https://sra-downloadb.be-md.ncbi.nlm.nih.gov/sos9/sra-pub-zq-922/SRR007/642/SRR7642935.sralite.1,SRX4506369,,RNA-Seq,cDNA,TRANSCRIPTOMIC,SINGLE,0,0,ILLUMINA,Illumina HiSeq 2500,SRP156315,PRJNA484406,3,484406,SRS3626739,SAMN09764631,simple,4932,Saccharomyces cerevisiae,GSM3318014,,,,,,,no,,,,,GEO,SRA751741,,public,A0C9D1032CA488F89C9D616138C6AA99,F7EDD464175EFD50E16B78024D4A26DD
SRR7642940,2018-09-25 17:57:06,2018-08-03 14:37:20,12557528,1268310328,0,101,376,,https://sra-downloadb.be-md.ncbi.nlm.nih.gov/sos9/sra-pub-zq-922/SRR007/642/SRR7642940.sralite.1,SRX4506374,,RNA-Seq,cDNA,TRANSCRIPTOMIC,SINGLE,0,0,ILLUMINA,Illumina HiSeq 2500,SRP156315,PRJNA484406,3,484406,SRS3626741,SAMN09764625,simple,4932,Saccharomyces cerevisiae,GSM3318019,,,,,,,no,,,,,GEO,SRA751741,,public,8485EE3F374D29A72B6A2C5C0BC8DACF,66B482DC6890931C2A489F8A12237346
SRR7642941,2018-09-25 17:57:06,2018-08-03 14:39:42,9347150,944062150,0,101,268,,https://sra-downloadb.be-md.ncbi.nlm.nih.gov/sos9/sra-pub-zq-922/SRR007/642/SRR7642941.sralite.1,SRX4506375,,RNA-Seq,cDNA,TRANSCRIPTOMIC,SINGLE,0,0,ILLUMINA,Illumina HiSeq 2500,SRP156315,PRJNA484406,3,484406,SRS3626745,SAMN09764630,simple,4932,Saccharomyces cerevisiae,GSM3318020,,,,,,,no,,,,,GEO,SRA751741,,public,07846406C6F5E366900FD6779E67897C,D11BEDBEADE8CC52E22D4BA91472A356
SRR7642952,2018-09-25 17:57:06,2018-08-03 14:40:14,14220515,1436272015,0,101,422,,https://sra-downloadb.be-md.ncbi.nlm.nih.gov/sos12/sra-pub-zq-1214/SRR007/642/SRR7642952.sralite.1,SRX4506386,,RNA-Seq,cDNA,TRANSCRIPTOMIC,SINGLE,0,0,ILLUMINA,Illumina HiSeq 2500,SRP156315,PRJNA484406,3,484406,SRS3626797,SAMN09764612,simple,4932,Saccharomyces cerevisiae,GSM3318031,,,,,,,no,,,,,GEO,SRA751741,,public,AC7C11F651CFE7EAA2ECA975B2A52E85,442ECD29BF5528D24207F97E22182ACC
SRR7642953,2018-09-25 17:57:06,2018-08-03 14:39:42,13168201,1329988301,0,101,391,,https://sra-downloadb.be-md.ncbi.nlm.nih.gov/sos12/sra-pub-zq-1216/SRR007/642/SRR7642953.sralite.1,SRX4506387,,RNA-Seq,cDNA,TRANSCRIPTOMIC,SINGLE,0,0,ILLUMINA,Illumina HiSeq 2500,SRP156315,PRJNA484406,3,484406,SRS3626754,SAMN09764611,simple,4932,Saccharomyces cerevisiae,GSM3318032,,,,,,,no,,,,,GEO,SRA751741,,public,2DD2E38E946352EC41F559C86718DF67,974A29694624C09F52602B1847FE1022
SRR7642954,2018-09-25 17:57:06,2018-08-03 14:45:12,11533585,1164892085,0,101,332,,https://sra-downloadb.be-md.ncbi.nlm.nih.gov/sos9/sra-pub-zq-922/SRR007/642/SRR7642954.sralite.1,SRX4506388,,RNA-Seq,cDNA,TRANSCRIPTOMIC,SINGLE,0,0,ILLUMINA,Illumina HiSeq 2500,SRP156315,PRJNA484406,3,484406,SRS3626757,SAMN09764610,simple,4932,Saccharomyces cerevisiae,GSM3318033,,,,,,,no,,,,,GEO,SRA751741,,public,BE7B71BF3C3E8AF39AD22540F4FF7A3E,A0BFBF0727D14C156F40B93BE4ABD329
SRR7642959,2018-09-25 17:57:07,2018-08-03 14:38:37,9869810,996850810,0,101,281,,https://sra-downloadb.be-md.ncbi.nlm.nih.gov/sos9/sra-pub-zq-922/SRR007/642/SRR7642959.sralite.1,SRX4506393,,RNA-Seq,cDNA,TRANSCRIPTOMIC,SINGLE,0,0,ILLUMINA,Illumina HiSeq 2500,SRP156315,PRJNA484406,3,484406,SRS3626760,SAMN09764605,simple,4932,Saccharomyces cerevisiae,GSM3318038,,,,,,,no,,,,,GEO,SRA751741,,public,652C91E5CF4F41AAA785CE747374CC31,CC5AA8A851C999D7A8CDF05027EA74EE
SRR7642962,2018-09-25 17:57:07,2018-08-03 14:38:37,10827773,1093605073,0,101,312,,https://sra-downloadb.be-md.ncbi.nlm.nih.gov/sos12/sra-pub-zq-1216/SRR007/642/SRR7642962.sralite.1,SRX4506396,,RNA-Seq,cDNA,TRANSCRIPTOMIC,SINGLE,0,0,ILLUMINA,Illumina HiSeq 2500,SRP156315,PRJNA484406,3,484406,SRS3626764,SAMN09764602,simple,4932,Saccharomyces cerevisiae,GSM3318041,,,,,,,no,,,,,GEO,SRA751741,,public,11B9D03F3B84EE335F00644E69960124,DD75F9F3AF1AD85935EFB1E144642C7E
SRR7642965,2018-09-25 17:57:07,2018-08-03 14:38:35,9939439,1003883339,0,101,282,,https://sra-downloadb.be-md.ncbi.nlm.nih.gov/sos12/sra-pub-zq-1216/SRR007/642/SRR7642965.sralite.1,SRX4506399,,RNA-Seq,cDNA,TRANSCRIPTOMIC,SINGLE,0,0,ILLUMINA,Illumina HiSeq 2500,SRP156315,PRJNA484406,3,484406,SRS3626766,SAMN09764599,simple,4932,Saccharomyces cerevisiae,GSM3318044,,,,,,,no,,,,,GEO,SRA751741,,public,5734F2D5C33154D34390295CE116696E,A9BD24AA879E15B7A4CA816CDBCC04A6
SRR7642966,2018-09-25 17:57:07,2018-08-03 14:39:46,13020445,1315064945,0,101,389,,https://sra-downloadb.be-md.ncbi.nlm.nih.gov/sos12/sra-pub-zq-1216/SRR007/642/SRR7642966.sralite.1,SRX4506400,,RNA-Seq,cDNA,TRANSCRIPTOMIC,SINGLE,0,0,ILLUMINA,Illumina HiSeq 2500,SRP156315,PRJNA484406,3,484406,SRS3626767,SAMN09764598,simple,4932,Saccharomyces cerevisiae,GSM3318045,,,,,,,no,,,,,GEO,SRA751741,,public,1919FE129155F64122FD76C1BEFD53A9,4CFC740260E2E3ED0B23BC57146BF4BA
