strain_as_reported	strain_id_guess	quantity_kind	product	value_as_reported	unit_as_reported	uncertainty_as_reported	n_replicates	timepoint_or_condition	medium_and_cultivation_as_reported	source_locator	quote	confidence	note
WT (CEN.PK113-5D URA3+ parental)	YAA:STRAIN:y795	titer	isobutanol	37	mg/L	not given in text (Fig. 2 error bars = SD of 3 biological replicates)	3	38 h post inoculation	minimal medium containing 100 g/L glucose; anaerobic, 30 C, 48 h batch (6.7 g/L YNB w/ ammonium sulfate, 19.5 g/L MES, 100 g/L dextrose, Tween80/ergosterol, pH 5.5)	Results and discussion 3.2 'Engineered strains produce varied amounts of isobutanol' (values also plotted in Fig. 2)	Isobutanol production varied significantly among the engineered strains. The cIBAILV5 and cIBAIlvC6E6 strains produced isobutanol at levels less than or equal to WT; at 38 h, the isobutanol titers were 37, 46, and 31 mg/L in the WT, cIBAILV5, and cIBAIlvC6E6 strains, respectively.	high	PARENT strain, no isobutanol cassette. It still makes 37 mg/L isobutanol from its native valine/Ehrlich pathway -- this is the background, not zero. Both cytosolic producers sit at or below this background.
cIBA^ILV5	YAA:STRAIN:y812	titer	isobutanol	46	mg/L	not given in text (Fig. 2 error bars = SD of 3 biological replicates)	3	38 h post inoculation	minimal medium containing 100 g/L glucose; anaerobic, 30 C, 48 h batch (6.7 g/L YNB w/ ammonium sulfate, 19.5 g/L MES, 100 g/L dextrose, Tween80/ergosterol, pH 5.5)	Results and discussion 3.2 (Fig. 2)	Isobutanol production varied significantly among the engineered strains. The cIBAILV5 and cIBAIlvC6E6 strains produced isobutanol at levels less than or equal to WT; at 38 h, the isobutanol titers were 37, 46, and 31 mg/L in the WT, cIBAILV5, and cIBAIlvC6E6 strains, respectively.	high	Cytosolic pathway with native truncated ScIlv5Dp2-48 (NADPH KARI). Only 1.24-fold above the parent.
cIBA^IlvC6E6	YAA:STRAIN:y799	titer	isobutanol	31	mg/L	not given in text (Fig. 2 error bars = SD of 3 biological replicates)	3	38 h post inoculation	minimal medium containing 100 g/L glucose; anaerobic, 30 C, 48 h batch (6.7 g/L YNB w/ ammonium sulfate, 19.5 g/L MES, 100 g/L dextrose, Tween80/ergosterol, pH 5.5)	Results and discussion 3.2 (Fig. 2)	Isobutanol production varied significantly among the engineered strains. The cIBAILV5 and cIBAIlvC6E6 strains produced isobutanol at levels less than or equal to WT; at 38 h, the isobutanol titers were 37, 46, and 31 mg/L in the WT, cIBAILV5, and cIBAIlvC6E6 strains, respectively.	high	Cytosolic pathway with E. coli IlvC6E6 (NADH KARI). BELOW the parent's 37 mg/L -- the redox-balanced build is the worst performer in the study.
mIBA^ILV5	YAA:STRAIN:y797	titer	isobutanol	170	mg/L	not given in text (Fig. 2 error bars = SD of 3 biological replicates)	3	38 h post inoculation	minimal medium containing 100 g/L glucose; anaerobic, 30 C, 48 h batch (6.7 g/L YNB w/ ammonium sulfate, 19.5 g/L MES, 100 g/L dextrose, Tween80/ergosterol, pH 5.5)	Results and discussion 3.2 (Fig. 2)	The highest isobutanol titer was achieved by the mIBAILV5 strain, which produced 170 mg/L at 38 h, corresponding to a yield of 1.8 mg isobutanol/g glucose.	high	Best of the four atlas strains. 4.6-fold over the parent.
mIBA^ILV5	YAA:STRAIN:y797	yield	isobutanol	1.8	mg isobutanol/g glucose	not given	3	38 h post inoculation	minimal medium containing 100 g/L glucose; anaerobic, 30 C, 48 h batch (6.7 g/L YNB w/ ammonium sulfate, 19.5 g/L MES, 100 g/L dextrose, Tween80/ergosterol, pH 5.5)	Results and discussion 3.2	The highest isobutanol titer was achieved by the mIBAILV5 strain, which produced 170 mg/L at 38 h, corresponding to a yield of 1.8 mg isobutanol/g glucose.	high	The ONLY yield figure the paper gives for any of its own strains. No yield is reported for WT, cIBAILV5 or cIBAIlvC6E6 anywhere in the main text.
WT (CEN.PK113-5D URA3+ parental)	YAA:STRAIN:y795	yield	isobutanol	~0.37	mg isobutanol/g glucose	n/a	3	38 h post inoculation (derived)	minimal medium containing 100 g/L glucose; anaerobic, 30 C, 48 h batch (6.7 g/L YNB w/ ammonium sulfate, 19.5 g/L MES, 100 g/L dextrose, Tween80/ergosterol, pH 5.5)	DERIVED, not stated: 37 mg/L / 100 g/L glucose	Isobutanol production varied significantly among the engineered strains. The cIBAILV5 and cIBAIlvC6E6 strains produced isobutanol at levels less than or equal to WT; at 38 h, the isobutanol titers were 37, 46, and 31 mg/L in the WT, cIBAILV5, and cIBAIlvC6E6 strains, respectively. || All strains completely consumed the glucose provided and reached similar final OD600 (5.3-5.6) values by the end of the 48 h fermentation.	low	NOT A PAPER VALUE. Back-calculated from the 38 h titer and the 100 g/L glucose that all strains 'completely consumed'. Do not promote as a reported yield.
cIBA^ILV5	YAA:STRAIN:y812	yield	isobutanol	~0.46	mg isobutanol/g glucose	n/a	3	38 h post inoculation (derived)	minimal medium containing 100 g/L glucose; anaerobic, 30 C, 48 h batch (6.7 g/L YNB w/ ammonium sulfate, 19.5 g/L MES, 100 g/L dextrose, Tween80/ergosterol, pH 5.5)	DERIVED, not stated: 46 mg/L / 100 g/L glucose	Isobutanol production varied significantly among the engineered strains. The cIBAILV5 and cIBAIlvC6E6 strains produced isobutanol at levels less than or equal to WT; at 38 h, the isobutanol titers were 37, 46, and 31 mg/L in the WT, cIBAILV5, and cIBAIlvC6E6 strains, respectively. || All strains completely consumed the glucose provided and reached similar final OD600 (5.3-5.6) values by the end of the 48 h fermentation.	low	NOT A PAPER VALUE. Back-calculated. Note the paper's own stated 1.8 mg/g for mIBAILV5 (170 mg/L / 100 g/L = 1.7) confirms this arithmetic is how they computed yield.
cIBA^IlvC6E6	YAA:STRAIN:y799	yield	isobutanol	~0.31	mg isobutanol/g glucose	n/a	3	38 h post inoculation (derived)	minimal medium containing 100 g/L glucose; anaerobic, 30 C, 48 h batch (6.7 g/L YNB w/ ammonium sulfate, 19.5 g/L MES, 100 g/L dextrose, Tween80/ergosterol, pH 5.5)	DERIVED, not stated: 31 mg/L / 100 g/L glucose	Isobutanol production varied significantly among the engineered strains. The cIBAILV5 and cIBAIlvC6E6 strains produced isobutanol at levels less than or equal to WT; at 38 h, the isobutanol titers were 37, 46, and 31 mg/L in the WT, cIBAILV5, and cIBAIlvC6E6 strains, respectively. || All strains completely consumed the glucose provided and reached similar final OD600 (5.3-5.6) values by the end of the 48 h fermentation.	low	NOT A PAPER VALUE. Back-calculated.
mIBA^ILV5 vs cIBA^ILV5		ratio	isobutanol	3.8	fold (titer ratio)	P < 5E-6	3	38 h post inoculation	minimal medium containing 100 g/L glucose; anaerobic, 30 C, 48 h batch (6.7 g/L YNB w/ ammonium sulfate, 19.5 g/L MES, 100 g/L dextrose, Tween80/ergosterol, pH 5.5)	Results and discussion 3.2; also stated in Abstract	In summary, the mIBAILV5 strain outperforms the other engineered strains and had a 3.8-fold (P < 5E-6) higher isobutanol titers than the cIBAILV5 strain.	high	Pathway-localization effect. 170/46 = 3.70 from the rounded titers; the paper's 3.8 comes from the unrounded replicate means. Abstract phrases it as 'the strain expressing the mitochondrial-localized enzymes producing 3.8-fold more isobutanol than strains expressing the cytosolic enzymes'.
cIBA^ILV5 vs cIBA^IlvC6E6		ratio	isobutanol	1.5	fold (titer ratio)	P < 5E-5	3	38 h post inoculation	minimal medium containing 100 g/L glucose; anaerobic, 30 C, 48 h batch (6.7 g/L YNB w/ ammonium sulfate, 19.5 g/L MES, 100 g/L dextrose, Tween80/ergosterol, pH 5.5)	Results and discussion 3.2; also stated in Abstract	The cIBAILV5 strain produced 1.5-fold (P < 5E-5) more isobutanol than the cIBAIlvC6E6 strain indicating that redox cofactor-balancing is not a limiting factor for driving flux to isobutanol synthesis in these strains and NAD+ is preferentially regenerated through ethanol fermentation.	high	Cofactor-balancing effect, and it is NEGATIVE: the redox-IMBALANCED NADPH build beats the balanced NADH build. 46/31 = 1.48.
mIBA^ILV5	YAA:STRAIN:y797	ratio	other	1.1	fold longer doubling time vs WT	not given	3	exponential phase	minimal medium containing 100 g/L glucose; anaerobic, 30 C, 48 h batch (6.7 g/L YNB w/ ammonium sulfate, 19.5 g/L MES, 100 g/L dextrose, Tween80/ergosterol, pH 5.5)	Results and discussion 3.2 (Fig. 2)	The three engineered strains grew slower than the WT strain (Fig. 2); doubling times during the exponential phase of the mIBAILV5, cIBAILV5 and cIBAIlvC6E6 strains were 1.1, 1.3, and 1.3-fold larger than the WT strain, respectively.	high	Relative exponential-phase doubling time vs the WT parent. No absolute doubling time in h is given for any strain.
cIBA^ILV5	YAA:STRAIN:y812	ratio	other	1.3	fold longer doubling time vs WT	not given	3	exponential phase	minimal medium containing 100 g/L glucose; anaerobic, 30 C, 48 h batch (6.7 g/L YNB w/ ammonium sulfate, 19.5 g/L MES, 100 g/L dextrose, Tween80/ergosterol, pH 5.5)	Results and discussion 3.2 (Fig. 2)	The three engineered strains grew slower than the WT strain (Fig. 2); doubling times during the exponential phase of the mIBAILV5, cIBAILV5 and cIBAIlvC6E6 strains were 1.1, 1.3, and 1.3-fold larger than the WT strain, respectively.	high	Relative exponential-phase doubling time vs the WT parent. No absolute doubling time in h is given for any strain.
cIBA^IlvC6E6	YAA:STRAIN:y799	ratio	other	1.3	fold longer doubling time vs WT	not given	3	exponential phase	minimal medium containing 100 g/L glucose; anaerobic, 30 C, 48 h batch (6.7 g/L YNB w/ ammonium sulfate, 19.5 g/L MES, 100 g/L dextrose, Tween80/ergosterol, pH 5.5)	Results and discussion 3.2 (Fig. 2)	The three engineered strains grew slower than the WT strain (Fig. 2); doubling times during the exponential phase of the mIBAILV5, cIBAILV5 and cIBAIlvC6E6 strains were 1.1, 1.3, and 1.3-fold larger than the WT strain, respectively.	high	Relative exponential-phase doubling time vs the WT parent. No absolute doubling time in h is given for any strain.
WT (CEN.PK113-5D URA3+ parental)	YAA:STRAIN:y795	biomass	other	5.3-5.6	OD600	not given	3	end of 48 h fermentation	minimal medium containing 100 g/L glucose; anaerobic, 30 C, 48 h batch (6.7 g/L YNB w/ ammonium sulfate, 19.5 g/L MES, 100 g/L dextrose, Tween80/ergosterol, pH 5.5)	Results and discussion 3.2 (Fig. 2)	All strains completely consumed the glucose provided and reached similar final OD600 (5.3-5.6) values by the end of the 48 h fermentation.	medium	Paper reports only the RANGE across all four strains, not a per-strain value. Row is duplicated per strain so the atlas can join; the value is not strain-resolved. Per-strain OD600 curves exist in Fig. 2 without numeric labels in the text.
WT (CEN.PK113-5D URA3+ parental)	YAA:STRAIN:y795	substrate_consumed	other	100	g/L glucose consumed	not given	3	by end of 48 h fermentation	minimal medium containing 100 g/L glucose; anaerobic, 30 C, 48 h batch (6.7 g/L YNB w/ ammonium sulfate, 19.5 g/L MES, 100 g/L dextrose, Tween80/ergosterol, pH 5.5)	Results and discussion 3.2 + Materials and methods 2.1	All strains completely consumed the glucose provided and reached similar final OD600 (5.3-5.6) values by the end of the 48 h fermentation.	medium	Derived from 'completely consumed the glucose provided' plus the defined minimal medium containing 100 g/L dextrose. The paper never prints a glucose-consumed number.
WT (CEN.PK113-5D URA3+ parental)	YAA:STRAIN:y795	titer	ethanol	45-47	g/L	not given	3	44 h	minimal medium containing 100 g/L glucose; anaerobic, 30 C, 48 h batch (6.7 g/L YNB w/ ammonium sulfate, 19.5 g/L MES, 100 g/L dextrose, Tween80/ergosterol, pH 5.5)	Results and discussion 3.2 (Fig. 2)	All strains produced ethanol titers of 45-47 g/L by 44 h of the fermentation corresponding to yields over 90% of the theoretical maximum (Fig. 2).	medium	Paper reports only the RANGE across all four strains. Ethanol is ~1000-fold the isobutanol titer in every strain -- the dominant carbon sink.
WT (CEN.PK113-5D URA3+ parental)	YAA:STRAIN:y795	yield	ethanol	>90	% of theoretical maximum	not given	3	44 h	minimal medium containing 100 g/L glucose; anaerobic, 30 C, 48 h batch (6.7 g/L YNB w/ ammonium sulfate, 19.5 g/L MES, 100 g/L dextrose, Tween80/ergosterol, pH 5.5)	Results and discussion 3.2 (Fig. 2)	All strains produced ethanol titers of 45-47 g/L by 44 h of the fermentation corresponding to yields over 90% of the theoretical maximum (Fig. 2).	medium	Range statement covering all four strains. This is the reason isobutanol yield is <0.2% of theoretical in every strain.
mIBA^ILV5	YAA:STRAIN:y797	biomass	other	5.3-5.6	OD600	not given	3	end of 48 h fermentation	minimal medium containing 100 g/L glucose; anaerobic, 30 C, 48 h batch (6.7 g/L YNB w/ ammonium sulfate, 19.5 g/L MES, 100 g/L dextrose, Tween80/ergosterol, pH 5.5)	Results and discussion 3.2 (Fig. 2)	All strains completely consumed the glucose provided and reached similar final OD600 (5.3-5.6) values by the end of the 48 h fermentation.	medium	Paper reports only the RANGE across all four strains, not a per-strain value. Row is duplicated per strain so the atlas can join; the value is not strain-resolved. Per-strain OD600 curves exist in Fig. 2 without numeric labels in the text.
mIBA^ILV5	YAA:STRAIN:y797	substrate_consumed	other	100	g/L glucose consumed	not given	3	by end of 48 h fermentation	minimal medium containing 100 g/L glucose; anaerobic, 30 C, 48 h batch (6.7 g/L YNB w/ ammonium sulfate, 19.5 g/L MES, 100 g/L dextrose, Tween80/ergosterol, pH 5.5)	Results and discussion 3.2 + Materials and methods 2.1	All strains completely consumed the glucose provided and reached similar final OD600 (5.3-5.6) values by the end of the 48 h fermentation.	medium	Derived from 'completely consumed the glucose provided' plus the defined minimal medium containing 100 g/L dextrose. The paper never prints a glucose-consumed number.
mIBA^ILV5	YAA:STRAIN:y797	titer	ethanol	45-47	g/L	not given	3	44 h	minimal medium containing 100 g/L glucose; anaerobic, 30 C, 48 h batch (6.7 g/L YNB w/ ammonium sulfate, 19.5 g/L MES, 100 g/L dextrose, Tween80/ergosterol, pH 5.5)	Results and discussion 3.2 (Fig. 2)	All strains produced ethanol titers of 45-47 g/L by 44 h of the fermentation corresponding to yields over 90% of the theoretical maximum (Fig. 2).	medium	Paper reports only the RANGE across all four strains. Ethanol is ~1000-fold the isobutanol titer in every strain -- the dominant carbon sink.
mIBA^ILV5	YAA:STRAIN:y797	yield	ethanol	>90	% of theoretical maximum	not given	3	44 h	minimal medium containing 100 g/L glucose; anaerobic, 30 C, 48 h batch (6.7 g/L YNB w/ ammonium sulfate, 19.5 g/L MES, 100 g/L dextrose, Tween80/ergosterol, pH 5.5)	Results and discussion 3.2 (Fig. 2)	All strains produced ethanol titers of 45-47 g/L by 44 h of the fermentation corresponding to yields over 90% of the theoretical maximum (Fig. 2).	medium	Range statement covering all four strains. This is the reason isobutanol yield is <0.2% of theoretical in every strain.
cIBA^IlvC6E6	YAA:STRAIN:y799	biomass	other	5.3-5.6	OD600	not given	3	end of 48 h fermentation	minimal medium containing 100 g/L glucose; anaerobic, 30 C, 48 h batch (6.7 g/L YNB w/ ammonium sulfate, 19.5 g/L MES, 100 g/L dextrose, Tween80/ergosterol, pH 5.5)	Results and discussion 3.2 (Fig. 2)	All strains completely consumed the glucose provided and reached similar final OD600 (5.3-5.6) values by the end of the 48 h fermentation.	medium	Paper reports only the RANGE across all four strains, not a per-strain value. Row is duplicated per strain so the atlas can join; the value is not strain-resolved. Per-strain OD600 curves exist in Fig. 2 without numeric labels in the text.
cIBA^IlvC6E6	YAA:STRAIN:y799	substrate_consumed	other	100	g/L glucose consumed	not given	3	by end of 48 h fermentation	minimal medium containing 100 g/L glucose; anaerobic, 30 C, 48 h batch (6.7 g/L YNB w/ ammonium sulfate, 19.5 g/L MES, 100 g/L dextrose, Tween80/ergosterol, pH 5.5)	Results and discussion 3.2 + Materials and methods 2.1	All strains completely consumed the glucose provided and reached similar final OD600 (5.3-5.6) values by the end of the 48 h fermentation.	medium	Derived from 'completely consumed the glucose provided' plus the defined minimal medium containing 100 g/L dextrose. The paper never prints a glucose-consumed number.
cIBA^IlvC6E6	YAA:STRAIN:y799	titer	ethanol	45-47	g/L	not given	3	44 h	minimal medium containing 100 g/L glucose; anaerobic, 30 C, 48 h batch (6.7 g/L YNB w/ ammonium sulfate, 19.5 g/L MES, 100 g/L dextrose, Tween80/ergosterol, pH 5.5)	Results and discussion 3.2 (Fig. 2)	All strains produced ethanol titers of 45-47 g/L by 44 h of the fermentation corresponding to yields over 90% of the theoretical maximum (Fig. 2).	medium	Paper reports only the RANGE across all four strains. Ethanol is ~1000-fold the isobutanol titer in every strain -- the dominant carbon sink.
cIBA^IlvC6E6	YAA:STRAIN:y799	yield	ethanol	>90	% of theoretical maximum	not given	3	44 h	minimal medium containing 100 g/L glucose; anaerobic, 30 C, 48 h batch (6.7 g/L YNB w/ ammonium sulfate, 19.5 g/L MES, 100 g/L dextrose, Tween80/ergosterol, pH 5.5)	Results and discussion 3.2 (Fig. 2)	All strains produced ethanol titers of 45-47 g/L by 44 h of the fermentation corresponding to yields over 90% of the theoretical maximum (Fig. 2).	medium	Range statement covering all four strains. This is the reason isobutanol yield is <0.2% of theoretical in every strain.
cIBA^ILV5	YAA:STRAIN:y812	biomass	other	5.3-5.6	OD600	not given	3	end of 48 h fermentation	minimal medium containing 100 g/L glucose; anaerobic, 30 C, 48 h batch (6.7 g/L YNB w/ ammonium sulfate, 19.5 g/L MES, 100 g/L dextrose, Tween80/ergosterol, pH 5.5)	Results and discussion 3.2 (Fig. 2)	All strains completely consumed the glucose provided and reached similar final OD600 (5.3-5.6) values by the end of the 48 h fermentation.	medium	Paper reports only the RANGE across all four strains, not a per-strain value. Row is duplicated per strain so the atlas can join; the value is not strain-resolved. Per-strain OD600 curves exist in Fig. 2 without numeric labels in the text.
cIBA^ILV5	YAA:STRAIN:y812	substrate_consumed	other	100	g/L glucose consumed	not given	3	by end of 48 h fermentation	minimal medium containing 100 g/L glucose; anaerobic, 30 C, 48 h batch (6.7 g/L YNB w/ ammonium sulfate, 19.5 g/L MES, 100 g/L dextrose, Tween80/ergosterol, pH 5.5)	Results and discussion 3.2 + Materials and methods 2.1	All strains completely consumed the glucose provided and reached similar final OD600 (5.3-5.6) values by the end of the 48 h fermentation.	medium	Derived from 'completely consumed the glucose provided' plus the defined minimal medium containing 100 g/L dextrose. The paper never prints a glucose-consumed number.
cIBA^ILV5	YAA:STRAIN:y812	titer	ethanol	45-47	g/L	not given	3	44 h	minimal medium containing 100 g/L glucose; anaerobic, 30 C, 48 h batch (6.7 g/L YNB w/ ammonium sulfate, 19.5 g/L MES, 100 g/L dextrose, Tween80/ergosterol, pH 5.5)	Results and discussion 3.2 (Fig. 2)	All strains produced ethanol titers of 45-47 g/L by 44 h of the fermentation corresponding to yields over 90% of the theoretical maximum (Fig. 2).	medium	Paper reports only the RANGE across all four strains. Ethanol is ~1000-fold the isobutanol titer in every strain -- the dominant carbon sink.
cIBA^ILV5	YAA:STRAIN:y812	yield	ethanol	>90	% of theoretical maximum	not given	3	44 h	minimal medium containing 100 g/L glucose; anaerobic, 30 C, 48 h batch (6.7 g/L YNB w/ ammonium sulfate, 19.5 g/L MES, 100 g/L dextrose, Tween80/ergosterol, pH 5.5)	Results and discussion 3.2 (Fig. 2)	All strains produced ethanol titers of 45-47 g/L by 44 h of the fermentation corresponding to yields over 90% of the theoretical maximum (Fig. 2).	medium	Range statement covering all four strains. This is the reason isobutanol yield is <0.2% of theoretical in every strain.
cIBA^ILV5 fra2D		titer	isobutanol	190	mg/L	not given in text (Fig. 6b error bars = SD of 3 biological replicates)	3	48 h post inoculation	minimal medium, anaerobic, 30 C (FRA2-deletion time-course experiment, Fig. 6)	Results and discussion 3.6 (Fig. 6b)	We observed that the deletion of FRA2 significantly altered the isobutanol titer in the cIBAILV5 background strain, but not in the mIBAILV5 strain; the cIBAILV5 fra2D strain produced 190 mg/L isobutanol at 48 h which is 2.4-fold more than the cIBAILV5 strain (P < 5E-5) (Fig. 6b).	high	FRA2-deletion derivative of Y812 (cIBAILV5). NOT one of the four atlas strains and NOT in SRP342112 -- no transcriptome exists for it. Best titer in the paper.
cIBA^ILV5 fra2D vs cIBA^ILV5		ratio	isobutanol	2.4	fold (titer ratio)	P < 5E-5	3	48 h post inoculation	minimal medium, anaerobic, 30 C (FRA2-deletion time-course experiment, Fig. 6)	Results and discussion 3.6 (Fig. 6b)	We observed that the deletion of FRA2 significantly altered the isobutanol titer in the cIBAILV5 background strain, but not in the mIBAILV5 strain; the cIBAILV5 fra2D strain produced 190 mg/L isobutanol at 48 h which is 2.4-fold more than the cIBAILV5 strain (P < 5E-5) (Fig. 6b).	high	The iron-supply intervention's effect size on the cytosolic strain.
cIBA^ILV5 fra2D vs mIBA^ILV5		ratio	isobutanol	1.3	fold (titer ratio)	P < 5E-5	3	48 h post inoculation	minimal medium, anaerobic, 30 C (FRA2-deletion time-course experiment, Fig. 6)	Results and discussion 3.6 (Fig. 6b)	Furthermore, the titer achieved by the cIBAILV5 fra2D strain surpassed the isobutanol titer in our previous best producer, mIBAILV5, by 1.3-fold (P < 5E-5) indicating a high titer with a cytosolic isobutanol pathway localization can be achieved.	high	The paper's closing claim: a cytosolic pathway with relieved iron limitation beats the mitochondrial pathway.
mIBA^ILV5 fra2D		titer	isobutanol	NOT REPORTED NUMERICALLY	mg/L	n/a	3	48 h post inoculation	minimal medium, anaerobic, 30 C (FRA2-deletion time-course experiment, Fig. 6)	Results and discussion 3.6 (Fig. 6b)	We observed that the deletion of FRA2 significantly altered the isobutanol titer in the cIBAILV5 background strain, but not in the mIBAILV5 strain; the cIBAILV5 fra2D strain produced 190 mg/L isobutanol at 48 h which is 2.4-fold more than the cIBAILV5 strain (P < 5E-5) (Fig. 6b).	low	The text states only that FRA2 deletion did NOT significantly alter titer in the mIBAILV5 background. The actual titer appears only as a bar in Fig. 6b with no numeric axis label reproduced in the text. NOT ESTIMATED HERE.
cIBA^ILV5 (Fig. 6 experiment, 48 h)	YAA:STRAIN:y812	titer	isobutanol	~79 (implied)	mg/L	n/a	3	48 h post inoculation	minimal medium, anaerobic, 30 C (FRA2-deletion time-course experiment, Fig. 6)	DERIVED from Results and discussion 3.6: 190 / 2.4	We observed that the deletion of FRA2 significantly altered the isobutanol titer in the cIBAILV5 background strain, but not in the mIBAILV5 strain; the cIBAILV5 fra2D strain produced 190 mg/L isobutanol at 48 h which is 2.4-fold more than the cIBAILV5 strain (P < 5E-5) (Fig. 6b).	low	BACK-CALCULATED, not stated. Note this implies ~79 mg/L at 48 h in the Fig. 6 run vs the 46 mg/L at 38 h in the Fig. 2 run -- different experiments and timepoints, so not a contradiction, but the two runs are not directly comparable.
mIBA^ILV5 (Fig. 6 experiment, 48 h)	YAA:STRAIN:y797	titer	isobutanol	~146 (implied)	mg/L	n/a	3	48 h post inoculation	minimal medium, anaerobic, 30 C (FRA2-deletion time-course experiment, Fig. 6)	DERIVED from Results and discussion 3.6: 190 / 1.3	Furthermore, the titer achieved by the cIBAILV5 fra2D strain surpassed the isobutanol titer in our previous best producer, mIBAILV5, by 1.3-fold (P < 5E-5) indicating a high titer with a cytosolic isobutanol pathway localization can be achieved.	low	BACK-CALCULATED, not stated. INTERNAL TENSION WORTH FLAGGING: 190/1.3 = 146 mg/L, below the 170 mg/L reported for mIBAILV5 at 38 h in Fig. 2. The two numbers come from different fermentations (Fig. 2 vs Fig. 6) so they need not agree, but any atlas comparison of the fra2D result to the 170 mg/L headline is cross-experiment.
mIBA^IlvC6E6		ratio	other	166	fold higher petite frequency than WT	not given	3 independent cultures	YPD overnight, plated on YPDG	YPD then YPDG (0.1% dextrose, 3% glycerol) plates, 30 C, colonies counted after 3 days	Results and discussion 3.1 (Table S2)	The frequency at which the petite colonies arose in the mIBAIlvC6E6 strain was 166-fold that of the wild-type (WT) strain (Table S2).	high	The FOURTH engineered strain, mitochondrial + NADH KARI. Dropped from the study for this irreversible fitness defect -- it has no fermentation data and no transcriptome. Explains why the atlas has four strains and not five.
cIBA^ILV5	YAA:STRAIN:y812	ratio	other	23	fold change vs WT (increase vs WT), intracellular LC-MS peak area normalised per OD600	P < 5.0E-4	3	4 h post inoculation	minimal medium containing 100 g/L glucose; anaerobic, 30 C, 48 h batch (6.7 g/L YNB w/ ammonium sulfate, 19.5 g/L MES, 100 g/L dextrose, Tween80/ergosterol, pH 5.5)	Results and discussion 3.4 (Fig. 5)	At 4 h, the cIBAILV5 strain had a 23-fold (P < 5.0E-4), 16-fold (P < 5.0E-5), and 4.1-fold (P < 0.005) increase in intracellular AL, DHIV, and KIV, respectively when compared to WT.	high	Intracellular 2-acetolactate (AL). This is the core bottleneck evidence: substrate (AL, DHIV) of the Ilv3p/DHAD step piles up in both cytosolic strains and is DEPLETED in the mitochondrial strain. Timepoints 4/10/26 h are the same samples as SRP342112 T3/T6/T14.
cIBA^ILV5	YAA:STRAIN:y812	ratio	other	16	fold change vs WT (increase vs WT), intracellular LC-MS peak area normalised per OD600	P < 5.0E-5	3	4 h post inoculation	minimal medium containing 100 g/L glucose; anaerobic, 30 C, 48 h batch (6.7 g/L YNB w/ ammonium sulfate, 19.5 g/L MES, 100 g/L dextrose, Tween80/ergosterol, pH 5.5)	Results and discussion 3.4 (Fig. 5)	At 4 h, the cIBAILV5 strain had a 23-fold (P < 5.0E-4), 16-fold (P < 5.0E-5), and 4.1-fold (P < 0.005) increase in intracellular AL, DHIV, and KIV, respectively when compared to WT.	high	Intracellular 2,3-dihydroxyisovalerate (DHIV). This is the core bottleneck evidence: substrate (AL, DHIV) of the Ilv3p/DHAD step piles up in both cytosolic strains and is DEPLETED in the mitochondrial strain. Timepoints 4/10/26 h are the same samples as SRP342112 T3/T6/T14.
cIBA^ILV5	YAA:STRAIN:y812	ratio	other	4.1	fold change vs WT (increase vs WT), intracellular LC-MS peak area normalised per OD600	P < 0.005	3	4 h post inoculation	minimal medium containing 100 g/L glucose; anaerobic, 30 C, 48 h batch (6.7 g/L YNB w/ ammonium sulfate, 19.5 g/L MES, 100 g/L dextrose, Tween80/ergosterol, pH 5.5)	Results and discussion 3.4 (Fig. 5)	At 4 h, the cIBAILV5 strain had a 23-fold (P < 5.0E-4), 16-fold (P < 5.0E-5), and 4.1-fold (P < 0.005) increase in intracellular AL, DHIV, and KIV, respectively when compared to WT.	high	Intracellular alpha-ketoisovalerate (KIV). This is the core bottleneck evidence: substrate (AL, DHIV) of the Ilv3p/DHAD step piles up in both cytosolic strains and is DEPLETED in the mitochondrial strain. Timepoints 4/10/26 h are the same samples as SRP342112 T3/T6/T14.
cIBA^IlvC6E6	YAA:STRAIN:y799	ratio	other	22	fold change vs WT (increase vs WT), intracellular LC-MS peak area normalised per OD600	P < 5e-6	3	4 h post inoculation	minimal medium containing 100 g/L glucose; anaerobic, 30 C, 48 h batch (6.7 g/L YNB w/ ammonium sulfate, 19.5 g/L MES, 100 g/L dextrose, Tween80/ergosterol, pH 5.5)	Results and discussion 3.4 (Fig. 5)	Similarly, at 4 h, the cIBAIlvC6E6 strain had a 22-fold (P < 5e-6), 8.6-fold (P < 0.0005), and 2.5-fold (P < 5E-4) increase in intracellular AL, DHIV, and KIV, respectively when compared to WT (Fig. 5).	high	Intracellular 2-acetolactate (AL). This is the core bottleneck evidence: substrate (AL, DHIV) of the Ilv3p/DHAD step piles up in both cytosolic strains and is DEPLETED in the mitochondrial strain. Timepoints 4/10/26 h are the same samples as SRP342112 T3/T6/T14.
cIBA^IlvC6E6	YAA:STRAIN:y799	ratio	other	8.6	fold change vs WT (increase vs WT), intracellular LC-MS peak area normalised per OD600	P < 0.0005	3	4 h post inoculation	minimal medium containing 100 g/L glucose; anaerobic, 30 C, 48 h batch (6.7 g/L YNB w/ ammonium sulfate, 19.5 g/L MES, 100 g/L dextrose, Tween80/ergosterol, pH 5.5)	Results and discussion 3.4 (Fig. 5)	Similarly, at 4 h, the cIBAIlvC6E6 strain had a 22-fold (P < 5e-6), 8.6-fold (P < 0.0005), and 2.5-fold (P < 5E-4) increase in intracellular AL, DHIV, and KIV, respectively when compared to WT (Fig. 5).	high	Intracellular 2,3-dihydroxyisovalerate (DHIV). This is the core bottleneck evidence: substrate (AL, DHIV) of the Ilv3p/DHAD step piles up in both cytosolic strains and is DEPLETED in the mitochondrial strain. Timepoints 4/10/26 h are the same samples as SRP342112 T3/T6/T14.
cIBA^IlvC6E6	YAA:STRAIN:y799	ratio	other	2.5	fold change vs WT (increase vs WT), intracellular LC-MS peak area normalised per OD600	P < 5E-4	3	4 h post inoculation	minimal medium containing 100 g/L glucose; anaerobic, 30 C, 48 h batch (6.7 g/L YNB w/ ammonium sulfate, 19.5 g/L MES, 100 g/L dextrose, Tween80/ergosterol, pH 5.5)	Results and discussion 3.4 (Fig. 5)	Similarly, at 4 h, the cIBAIlvC6E6 strain had a 22-fold (P < 5e-6), 8.6-fold (P < 0.0005), and 2.5-fold (P < 5E-4) increase in intracellular AL, DHIV, and KIV, respectively when compared to WT (Fig. 5).	high	Intracellular alpha-ketoisovalerate (KIV). This is the core bottleneck evidence: substrate (AL, DHIV) of the Ilv3p/DHAD step piles up in both cytosolic strains and is DEPLETED in the mitochondrial strain. Timepoints 4/10/26 h are the same samples as SRP342112 T3/T6/T14.
mIBA^ILV5	YAA:STRAIN:y797	ratio	other	2.8	fold change vs WT (DECREASE vs WT), intracellular LC-MS peak area normalised per OD600	P < 5E-4	3	4 h post inoculation	minimal medium containing 100 g/L glucose; anaerobic, 30 C, 48 h batch (6.7 g/L YNB w/ ammonium sulfate, 19.5 g/L MES, 100 g/L dextrose, Tween80/ergosterol, pH 5.5)	Results and discussion 3.4 (Fig. 5)	In contrast to the cIBAIlvC6E6 and cIBAILV5 strains, intracellular levels of DHIV in the mIBAILV5 strain were at lower levels compared to the WT strain; specifically, the level of DHIV was 2.8-fold (P < 5E-4), 4.5-fold (P < 0.005), and 3.2-fold (P < 0.005) lower when compared to WT at 4, 10, and 26 h respectively, which indicates mitochondrial-localized Ilv3p is not a bottleneck.	high	Intracellular 2,3-dihydroxyisovalerate (DHIV). This is the core bottleneck evidence: substrate (AL, DHIV) of the Ilv3p/DHAD step piles up in both cytosolic strains and is DEPLETED in the mitochondrial strain. Timepoints 4/10/26 h are the same samples as SRP342112 T3/T6/T14.
mIBA^ILV5	YAA:STRAIN:y797	ratio	other	4.5	fold change vs WT (DECREASE vs WT), intracellular LC-MS peak area normalised per OD600	P < 0.005	3	10 h post inoculation	minimal medium containing 100 g/L glucose; anaerobic, 30 C, 48 h batch (6.7 g/L YNB w/ ammonium sulfate, 19.5 g/L MES, 100 g/L dextrose, Tween80/ergosterol, pH 5.5)	Results and discussion 3.4 (Fig. 5)	In contrast to the cIBAIlvC6E6 and cIBAILV5 strains, intracellular levels of DHIV in the mIBAILV5 strain were at lower levels compared to the WT strain; specifically, the level of DHIV was 2.8-fold (P < 5E-4), 4.5-fold (P < 0.005), and 3.2-fold (P < 0.005) lower when compared to WT at 4, 10, and 26 h respectively, which indicates mitochondrial-localized Ilv3p is not a bottleneck.	high	Intracellular 2,3-dihydroxyisovalerate (DHIV). This is the core bottleneck evidence: substrate (AL, DHIV) of the Ilv3p/DHAD step piles up in both cytosolic strains and is DEPLETED in the mitochondrial strain. Timepoints 4/10/26 h are the same samples as SRP342112 T3/T6/T14.
mIBA^ILV5	YAA:STRAIN:y797	ratio	other	3.2	fold change vs WT (DECREASE vs WT), intracellular LC-MS peak area normalised per OD600	P < 0.005	3	26 h post inoculation	minimal medium containing 100 g/L glucose; anaerobic, 30 C, 48 h batch (6.7 g/L YNB w/ ammonium sulfate, 19.5 g/L MES, 100 g/L dextrose, Tween80/ergosterol, pH 5.5)	Results and discussion 3.4 (Fig. 5)	In contrast to the cIBAIlvC6E6 and cIBAILV5 strains, intracellular levels of DHIV in the mIBAILV5 strain were at lower levels compared to the WT strain; specifically, the level of DHIV was 2.8-fold (P < 5E-4), 4.5-fold (P < 0.005), and 3.2-fold (P < 0.005) lower when compared to WT at 4, 10, and 26 h respectively, which indicates mitochondrial-localized Ilv3p is not a bottleneck.	high	Intracellular 2,3-dihydroxyisovalerate (DHIV). This is the core bottleneck evidence: substrate (AL, DHIV) of the Ilv3p/DHAD step piles up in both cytosolic strains and is DEPLETED in the mitochondrial strain. Timepoints 4/10/26 h are the same samples as SRP342112 T3/T6/T14.
cIBA^ILV5 fra2D vs cIBA^ILV5		ratio	other	1.7	fold lower DHIV (normalised peak area / OD600)	P < 0.05	3	10 h post inoculation	minimal medium, anaerobic, 30 C (FRA2-deletion time-course experiment, Fig. 6)	Results and discussion 3.6 (Fig. 6c)	Indeed, the cIBAILV5 fra2D strain had lower levels of DHIV compared to the cIBAILV5 strain indicating the Ilv3p bottleneck was partially relieved; the normalized peak area (peak area/OD600) of DHIV was 1.7-fold (P < 0.05) and 2.9-fold (P < 0.005) lower in cIBAILV5 fra2D compared to cIBAILV5 at 10 and 26 h, respectively.	high	Direct evidence the iron intervention acts ON the Ilv3p step: its substrate falls.
cIBA^ILV5 fra2D vs cIBA^ILV5		ratio	other	2.9	fold lower DHIV (normalised peak area / OD600)	P < 0.005	3	26 h post inoculation	minimal medium, anaerobic, 30 C (FRA2-deletion time-course experiment, Fig. 6)	Results and discussion 3.6 (Fig. 6c)	Indeed, the cIBAILV5 fra2D strain had lower levels of DHIV compared to the cIBAILV5 strain indicating the Ilv3p bottleneck was partially relieved; the normalized peak area (peak area/OD600) of DHIV was 1.7-fold (P < 0.05) and 2.9-fold (P < 0.005) lower in cIBAILV5 fra2D compared to cIBAILV5 at 10 and 26 h, respectively.	high	Same effect, larger at the later timepoint.
cIBA^ILV5 vs cIBA^ILV5 fra2D		ratio	other	3.5	fold higher KIV in cIBA^ILV5 (normalised peak area / OD600)	P < 0.05	3	26 h post inoculation	minimal medium, anaerobic, 30 C (FRA2-deletion time-course experiment, Fig. 6)	Results and discussion 3.6 (Fig. 6c)	Instead, the KIV level between the engineered strains was not significantly altered, except at 26 h where the cIBAILV5 strain had a 3.5-fold increase in KIV compared to the cIBAILV5 fra2D strain (P < 0.05).	high	The Ilv3p PRODUCT went the 'wrong' way -- KIV is LOWER in the fra2D strain, not higher. Authors attribute this to KIV being consumed downstream. This is the one number that does not fit the simple bottleneck-relief picture, and they say so.
cIBA^ILV5 and cIBA^IlvC6E6		ratio	other	~2.0	fold higher Atm1p protein vs WT	not given (FDR < 0.05 per Fig. 5 legend)	3	all three timepoints (4, 10, 26 h)	minimal medium containing 100 g/L glucose; anaerobic, 30 C, 48 h batch (6.7 g/L YNB w/ ammonium sulfate, 19.5 g/L MES, 100 g/L dextrose, Tween80/ergosterol, pH 5.5)	Results and discussion 3.5 (Fig. 5b, Table S5)	Atm1p was upregulated approximately 2.0-fold in the cIBAIlvC6E6 and cIBAILV5 strains at all time points when compared to WT (Fig. 5b).	high	Atm1p = mitochondrial ABC exporter of the X-S Fe-S precursor. Only ISC/CIA protein changed. Value not resolved per strain; both cytosolic strains quoted together.
cIBA^ILV5 and/or cIBA^IlvC6E6		ratio	other	1.7	fold higher Tyw1p protein vs WT	not given (FDR < 0.05 per Fig. 5 legend)	3	10 h post inoculation	minimal medium containing 100 g/L glucose; anaerobic, 30 C, 48 h batch (6.7 g/L YNB w/ ammonium sulfate, 19.5 g/L MES, 100 g/L dextrose, Tween80/ergosterol, pH 5.5)	Results and discussion 3.5 (Fig. 5b)	Indeed, protein levels of Ccc1p, Tyw1p, and Grx4p were elevated in the cIBAIlvC6E6 and cIBAILV5 strains for at least one of the time points with Tyw1p having the highest fold change of 1.7 at 10 h when compared to WT (Fig. 5b).	medium	Highest fold change among the Yap5p-responsive iron-storage proteins (Ccc1p, Tyw1p, Grx4p). The sentence does not say WHICH of the two cytosolic strains carries the 1.7; per-strain values are in Fig. 5b heatmap only.
all strains		titer	isopentanol	NOT REPORTED	n/a	n/a	n/a	n/a	minimal medium containing 100 g/L glucose; anaerobic, 30 C, 48 h batch (6.7 g/L YNB w/ ammonium sulfate, 19.5 g/L MES, 100 g/L dextrose, Tween80/ergosterol, pH 5.5)	Materials and methods 2.4.1 / 2.4.2 (absence verified by full-text search of the JATS XML)	Typical analysis range is 0.065 mM-8.4 mM isobutanol and uses an aliquot volume of 500 mL and 2-Methylpropyl-d9 alcohol (as internal standard).	high	NOT MEASURED. The headspace GC/MS method (Materials and methods 2.4.1) quantifies isobutanol only, against a 2-Methylpropyl-d9 internal standard. The HPLC-RID method (2.4.2) covers glucose, ethanol, glycerol, lactate and acetate. Neither isopentanol/3-methyl-1-butanol nor 2-methyl-1-butanol appears anywhere in the paper. The isobutanol:isopentanol and isobutanol:2-methyl-1-butanol diagnostic ratios CANNOT be obtained from this publication.
all strains		titer	2-methyl-1-butanol	NOT REPORTED	n/a	n/a	n/a	n/a	minimal medium containing 100 g/L glucose; anaerobic, 30 C, 48 h batch (6.7 g/L YNB w/ ammonium sulfate, 19.5 g/L MES, 100 g/L dextrose, Tween80/ergosterol, pH 5.5)	Materials and methods 2.4.1 / 2.4.2 (absence verified by full-text search of the JATS XML)	Typical analysis range is 0.065 mM-8.4 mM isobutanol and uses an aliquot volume of 500 mL and 2-Methylpropyl-d9 alcohol (as internal standard).	high	NOT MEASURED. Same as isopentanol -- the string '2-methyl-1-butanol' does not occur in the article. Do not infer.
all strains		titer	glycerol	NOT REPORTED IN MAIN TEXT	n/a	n/a	3	n/a	minimal medium containing 100 g/L glucose; anaerobic, 30 C, 48 h batch (6.7 g/L YNB w/ ammonium sulfate, 19.5 g/L MES, 100 g/L dextrose, Tween80/ergosterol, pH 5.5)	Materials and methods 2.4.2; Results and discussion 3.3 ('34 extracellular metabolites (28 LC-MS and 6 HPLC/GC)')	End-product analytes (glucose, ethanol, glycerol, lactate, and acetate) were measured with an analytical system consisting of an Agilent 1260 Infinity HPLC system ... and a Aminex HPX-87H column || We identified and collected data for 59 intracellular metabolites using LC-MS, 34 extracellular metabolites (28 LC-MS and 6 HPLC/GC), 4339 proteins by LC-MS/MS proteomics, and 6434 genes by RNA-seq (File S1-S4, Data availability).	high	MEASURED BUT NOT REPORTED IN THE MAIN TEXT. Glycerol is named as an HPLC-RID analyte in Materials and methods 2.4.2 and 34 extracellular metabolites were collected, but no glycerol number appears in any figure caption, table or results sentence. The value exists only in supplementary File S1-S4 / the extracellular metabolite set, which I do not have. DO NOT GUESS.
all strains		titer	other	NOT REPORTED IN MAIN TEXT	n/a	n/a	3	n/a	minimal medium containing 100 g/L glucose; anaerobic, 30 C, 48 h batch (6.7 g/L YNB w/ ammonium sulfate, 19.5 g/L MES, 100 g/L dextrose, Tween80/ergosterol, pH 5.5)	Materials and methods 2.4.2; Results and discussion 3.3 ('34 extracellular metabolites (28 LC-MS and 6 HPLC/GC)')	End-product analytes (glucose, ethanol, glycerol, lactate, and acetate) were measured with an analytical system consisting of an Agilent 1260 Infinity HPLC system ... and a Aminex HPX-87H column || We identified and collected data for 59 intracellular metabolites using LC-MS, 34 extracellular metabolites (28 LC-MS and 6 HPLC/GC), 4339 proteins by LC-MS/MS proteomics, and 6434 genes by RNA-seq (File S1-S4, Data availability).	high	MEASURED BUT NOT REPORTED IN THE MAIN TEXT: lactate and acetate. Same status as glycerol -- named as HPLC-RID analytes, values only in the supplementary files. DO NOT GUESS.
all strains		productivity	isobutanol	NOT REPORTED	n/a	n/a	n/a	n/a	minimal medium containing 100 g/L glucose; anaerobic, 30 C, 48 h batch (6.7 g/L YNB w/ ammonium sulfate, 19.5 g/L MES, 100 g/L dextrose, Tween80/ergosterol, pH 5.5)	absence verified by full-text search	The highest isobutanol titer was achieved by the mIBAILV5 strain, which produced 170 mg/L at 38 h, corresponding to a yield of 1.8 mg isobutanol/g glucose.	high	No specific productivity (g/L/h, or mg/g-DCW/h) is reported for any strain. Only endpoint/timepoint titers and one mg/g-glucose yield. A rate could be crudely derived from Fig. 2 but the figure carries no numeric labels in the text, so it is not derived here.
all strains		yield	isobutanol	NOT REPORTED	% of theoretical maximum	n/a	n/a	n/a	minimal medium containing 100 g/L glucose; anaerobic, 30 C, 48 h batch (6.7 g/L YNB w/ ammonium sulfate, 19.5 g/L MES, 100 g/L dextrose, Tween80/ergosterol, pH 5.5)	absence verified by full-text search	The highest isobutanol titer was achieved by the mIBAILV5 strain, which produced 170 mg/L at 38 h, corresponding to a yield of 1.8 mg isobutanol/g glucose.	high	The paper gives % of theoretical only for ETHANOL (>90%). Isobutanol yield is given once, as 1.8 mg/g glucose for mIBAILV5, and never as % theoretical or mol/mol. Table 1 of the paper tabulates OTHER published strains in mg/g carbon source; those are literature values, not this study's strains, and are not extracted here.
