publication_id	doi	year	host_organism	strain_name_as_reported	value_as_reported	unit_as_reported	value_g_per_g	basis	is_theoretical_percent	carbon_source	cultivation_mode_as_reported	quote	section	confidence	note
doi:10.1016/j.btre.2026.e00959	10.1016/j.btre.2026.e00959	2026	Saccharomyces cerevisiae	IbOH-1bat1delta	15.11	mg/g glucose	0.01511	glucose	false	glucose (YPD, 100 g/L)	shake flask, 72 h	In contrast to previous studies that utilized laboratory strains with extensive genetic and metabolic engineering, this study developed IbOH-1 demonstrated tolerance to 21 g/L of isobutanol and IbOH-1bat1∆ cells achieved the highest isobutanol production at the shake-flask scale, yielding a titer of 2.016 g/L, with an isobutanol yield of 15.11 mg/g glucose (3.69% of the theoretical maximum yield).	results	high	Paper also reports 3.69% of theoretical, consistent with 0.01511/0.411=3.68%. Industrial osmotolerant parent strain.
doi:10.1016/j.btre.2026.e00959	10.1016/j.btre.2026.e00959	2026	Saccharomyces cerevisiae	IbOH-1bat1delta	20.8	mg/g glucose	0.0208	glucose	false	glucose	5-L bioreactor, 3-L working volume, batch	In comparison, our study achieved a comparable isobutanol titer of 3.12 g/L in a 5-L bioreactor with a 3-L working volume, with an isobutanol yield of 20.8 mg/g glucose (5.06% of the theoretical maximum yield) using batch operation strategy.	results	high	Paper reports 5.06% of theoretical; 0.0208/0.411=5.06% - internally consistent.
doi:10.1186/s13068-019-1486-8	10.1186/s13068-019-1486-8	2019	Saccharomyces cerevisiae	CEN.PK113-7D + cytosolic Ilv2/Ilv5/Ilv3 (wild-type background)	0.23	mg/g glucose	0.00023	glucose	false	glucose	aerobic shake flask	Metabolite analyses showed a low isobutanol titer of 0.01 g/L (0.23 mg/g glucose) after 24 h for the wt strain CEN.PK113-7D expressing the cytosolic isoforms of Ilv2, Ilv5, and Ilv3 (Fig. b, c).	results	high	Wild-type reference of the series.
doi:10.1186/s13068-019-1486-8	10.1186/s13068-019-1486-8	2019	Saccharomyces cerevisiae	JWY0 (ilv2delta)	5.28	mg/g glucose	0.00528	glucose	false	glucose	aerobic shake flask	Blocking of the mitochondrial valine biosynthesis by deletion of ILV2 encoding the mitochondrial form of acetolactate synthase (strain JWY0) led to a major increase of the isobutanol titer up to 0.22 g/L (5.28 mg/g glucose) as it has already been shown by Brat et al. [].	results	high	
doi:10.1186/s13068-019-1486-8	10.1186/s13068-019-1486-8	2019	Saccharomyces cerevisiae	JWY01 (ilv2 bdh1 bdh2)	6.86	mg/g glucose	0.00686	glucose	false	glucose	aerobic shake flask	Inhibition of the 2,3-butanediol biosynthesis pathway by the deletion of BDH1/2 (strain JWY01) further increased isobutanol production to a titer of 0.28 g/L (6.86 mg/g glucose).	results	high	
doi:10.1186/s13068-019-1486-8	10.1186/s13068-019-1486-8	2019	Saccharomyces cerevisiae	JWY02 (+leu4 leu9)	12.31	mg/g glucose	0.01231	glucose	false	glucose	aerobic shake flask	Further suppression of leucine biosynthesis by deletion of LEU4/9 (strain JWY02) had an additional large effect on isobutanol levels and resulted in a titer of 0.50 g/L (12.31 mg/g glucose).	results	high	
doi:10.1186/s13068-019-1486-8	10.1186/s13068-019-1486-8	2019	Saccharomyces cerevisiae	JWY03 (+ecm31)	12.69	mg/g glucose	0.01269	glucose	false	glucose	aerobic shake flask	Further blocking of pantothenate biosynthesis by deletion of ECM31 (strain JWY03) had no statistically significant effect on isobutanol production (0.52 g/L, 12.69 mg/g glucose).	results	high	
doi:10.1186/s13068-019-1486-8	10.1186/s13068-019-1486-8	2019	Saccharomyces cerevisiae	JWY04 (+ilv1)	13.54	mg/g glucose	0.01354	glucose	false	glucose	aerobic shake flask	Maximum isobutanol titers of 0.56 g/L (13.54 mg/g glucose) were reached with strain JWY04 after interrupting the isoleucine biosynthesis pathway by deletion of ILV1.	results	high	
doi:10.1186/s13068-019-1486-8	10.1186/s13068-019-1486-8	2019	Saccharomyces cerevisiae	JWY18 (gpd2delta)	25.41	mg/g glucose	0.02541	glucose	false	glucose	aerobic shake flask	In contrast, the Gpd2-deficient strain JWY18 showed a distinct decrease of glycerol synthesis (9.14 g/L after 72 h) and a strong increase of the isobutanol titer up to 1.02 g/L (25.41 mg/g glucose) after 120 h.	results	high	
doi:10.1186/s13068-019-1486-8	10.1186/s13068-019-1486-8	2019	Saccharomyces cerevisiae	JWY19 (gpd1 gpd2)	40.51	mg/g glucose	0.04051	glucose	false	glucose	aerobic shake flask	Moreover, double deletion of GPD1 and GPD2 in strain JWY19 abolished glycerol synthesis almost completely (0.15 g/L after 120 h) and the isobutanol level was even further increased showing a maximum isobutanol titer of 1.32 g/L (40.51 mg/g glucose) after 120 h.	results	high	
doi:10.1186/s13068-019-1486-8	10.1186/s13068-019-1486-8	2019	Saccharomyces cerevisiae	JWY23 (+ald6)	59.55	mg/g glucose	0.05955	glucose	false	glucose	aerobic shake flask	The ald6 deletion accelerated glucose consumption and isobutanol formation and further increased isobutanol production up to a titer of 2.09 g/L after 96 h (Fig. b) with a yield of 59.55 mg/g glucose in JWY23.	results	high	Paper claims this is the highest yield ever obtained with S. cerevisiae in shake flask cultures (14.5% of the 0.411 g/g theoretical maximum).
doi:10.1186/s13068-019-1486-8	10.1186/s13068-019-1486-8	2019	Saccharomyces cerevisiae	JWY04 (+ilv1), ethanol-supplemented	19.36	mg/g glucose	0.01936	glucose	false	glucose + ethanol supplement	aerobic shake flask	Moreover, this improvement was not exclusively restricted to Pdc-deficient strain JWY13, but could also be observed in the Pdc-proficient strains JWY0 and JWY04, increasing the isobutanol titer from 0.22 to 0.27 g/L (7.0 mg/g glucose) and from 0.56 to 0.76 g/L (19.36 mg/g glucose), respectively.	results	high	Same sentence also gives JWY0 + ethanol = 7.0 mg/g glucose.
doi:10.1186/1754-6834-5-65	10.1186/1754-6834-5-65	2012	Saccharomyces cerevisiae	Isoy17 (ilv2delta) + p425-synthILV235	7.41 +/- 1.18	mg/g glucose	0.00741	glucose	false	glucose	fermentation, 96 h	After 96 hours of fermentation, Isoy17 containing p425-synthILV235 produced 320.40 ± 49.48 mg/L isobutanol with a yield of 7.41 ± 1.18 mg per g glucose (Figure ).	results	high	
doi:10.1186/1754-6834-5-65	10.1186/1754-6834-5-65	2012	Saccharomyces cerevisiae	Isoy17 + p425-synthILV235 + ARO10 + ADH2	10.85 +/- 1.12	mg/g glucose	0.01085	glucose	false	glucose	fermentation, 96 h	Additional overexpression of ARO10 and ADH2 increased isobutanol production up to 505.07 ± 76.29 mg/L with a yield of 10.85 ± 1.12 mg per gram of glucose (Figure ).	results	high	
doi:10.1186/1754-6834-5-65	10.1186/1754-6834-5-65	2012	Saccharomyces cerevisiae	ilv2 single deletion strain (p425-synthILV235)	14.86 +/- 0.55	mg/g glucose	0.01486	glucose	false	glucose	fermentation, 96 h	The ilv2 single deletion strain where only the initial reaction of the mitochondrial valine pathway is blocked produced up to 630.27 ± 14.18 mg/L isobutanol with a yield of 14.86 ± 0.55 mg per g glucose (Figure ).	results	high	
doi:10.1186/1754-6834-5-65	10.1186/1754-6834-5-65	2012	Saccharomyces cerevisiae	CEN.PK2-1C + p425-synthILV235 (+/- ARO10/ADH2)	0.30 +/- 0.07 and 0.27 +/- 0.06	mg/g glucose	0.0003	glucose	false	glucose	fermentation	Even when we used strain CEN.PK2-1C overexpressing the codon-optimized truncated ILV versions from plasmid p425-synthILV235, with or without simultaneous overexpression of ARO10 and ADH2, we could not observe significant higher isobutanol production rates (not shown), isobutanol titers (up to 12.80 ± 2.44 mg/L and 11.96 ± 2.58 mg/L, respectively) and yields (0.30 ± 0.07 mg per gram of glucose and 0.27 ± 0.06 mg per gram of glucose, respectively).	results	medium	Two values in one sentence (0.30 and 0.27 mg/g); value_g_per_g given for the first (0.30). Non-producing control level.
doi:10.1186/1754-6834-5-65	10.1186/1754-6834-5-65	2012	Saccharomyces cerevisiae	Isoy17 + ARO10 + ADH2 (partial pathway)	3.81 +/- 0.30	mg/g glucose	0.00381	glucose	false	glucose	fermentation	Moreover, additional overexpression of ARO10 and ADH2 resulted in a further increase up to 184.56 ± 55.00 mg/L with a yield of 3.81 ± 0.30 mg isobutanol per g of glucose (Figure ).	results	medium	Strain assignment inferred from surrounding results narrative; quote itself does not name the strain.
doi:10.1186/1475-2859-12-119	10.1186/1475-2859-12-119	2013	Saccharomyces cerevisiae	BSW205 and BSW206 (integrated)	0.016 +/- 0.001 and 0.016 +/- 0.0003	g/g glucose consumed	0.016	glucose	false	glucose (100 g/L)	batch fermentation, 50-mL scale, 24 h	In a batch fermentation test at the 50-mL scale from 100 g/L glucose using the two integrated strains, the isobutanol titer reached 1.62 ± 0.11 g/L and 1.61 ± 0.03 g/L at 24 h after the start of fermentation, which corresponds to the yield at 0.016 ± 0.001 g/g glucose consumed and 0.016 ± 0.0003 g/g glucose consumed, respectively.	abstract	high	Two strains, same rounded yield. 3.9% of the 0.411 g/g theoretical maximum.
doi:10.1186/1475-2859-12-119	10.1186/1475-2859-12-119	2013	Saccharomyces cerevisiae	BSW17 and BSW18	0.006 +/- 0.0003 and 0.007 +/- 0.0002	g/g glucose consumed	0.006	glucose	false	glucose	fermentation, 48 h	The isobutanol yields of BSW17 and BSW18 strains were 0.006 ± 0.0003 and 0.007 ± 0.0002 g/g glucose consumed, respectively, since glucose was completely consumed at 48 h after the fermentation start (Figure b).	results	high	Two strains; value_g_per_g given for BSW17 (0.006). BSW18 = 0.007 g/g.
doi:10.1186/1475-2859-12-119	10.1186/1475-2859-12-119	2013	Saccharomyces cerevisiae	BSW205 and BSW206 (earlier timepoint/condition)	0.012 +/- 0.0007 and 0.011 +/- 0.001	g/g glucose consumed	0.012	glucose	false	glucose	fermentation	The isobutanol titer of the BSW205 and BSW206 strains reached 230 ± 13 and 221 ± 27 mg/L, respectively (Figure ) that correspond to isobutanol yields at 0.012 ± 0.0007 and 0.011 ± 0.001 g/g glucose consumed, respectively.	results	high	Different cultivation from the 0.016 g/g row (lower titer, 230 mg/L); value_g_per_g for BSW205.
doi:10.3389/fbioe.2022.1080024	10.3389/fbioe.2022.1080024	2022	Saccharomyces cerevisiae	sJD107 (combinatorial cassette #2)	36	mg isobutanol/g glucose	0.036	glucose	false	glucose	aerobic	Specifically, the highest producer was sJD107 under aerobic conditions which produced 364 mg/L isobutanol and had a yield of 36 mg isobutanol/g glucose which corresponds to 8.8% of the theoretical maximum yield (). sJD107 also performed well under micro-aerobic conditions where it produced 50 mg/L isobutanol and had a yield of 27.3 mg isobutanol/g glucose which corresponds to 6.6% of the theoretical maximum yield.	results	high	Paper reports 8.8% of theoretical; 0.036/0.411=8.8% - consistent.
doi:10.3389/fbioe.2022.1080024	10.3389/fbioe.2022.1080024	2022	Saccharomyces cerevisiae	sJD107 (combinatorial cassette #2)	27.3	mg isobutanol/g glucose	0.0273	glucose	false	glucose	micro-aerobic, serum vial	Specifically, the highest producer was sJD107 under aerobic conditions which produced 364 mg/L isobutanol and had a yield of 36 mg isobutanol/g glucose which corresponds to 8.8% of the theoretical maximum yield (). sJD107 also performed well under micro-aerobic conditions where it produced 50 mg/L isobutanol and had a yield of 27.3 mg isobutanol/g glucose which corresponds to 6.6% of the theoretical maximum yield.	results	high	Micro-aerobic condition of the same strain; 6.6% of theoretical.
doi:10.1186/1754-6834-4-21	10.1186/1754-6834-4-21	2011	Saccharomyces cerevisiae	CEN.PK113-5D overexpressing ILV2 ILV3 ILV5	0.97	mg per g glucose	0.00097	glucose	false	glucose, mineral medium	anaerobic fermentation	The yield of isobutanol was improved from 0.16 to 0.97 mg per g glucose by simultaneous overexpression of biosynthetic genes ILV2, ILV3, and ILV5 in valine metabolism in anaerobic fermentation of glucose in mineral medium in S. cerevisiae.	abstract	high	Reference strain in the same sentence = 0.16 mg/g glucose. Strain background named elsewhere in the paper, not in this quote.
doi:10.1186/1754-6834-4-21	10.1186/1754-6834-4-21	2011	Saccharomyces cerevisiae	reference strain (empty vector)	0.16	mg per g glucose	0.00016	glucose	false	glucose, mineral medium	anaerobic fermentation	The yield of isobutanol was improved from 0.16 to 0.97 mg per g glucose by simultaneous overexpression of biosynthetic genes ILV2, ILV3, and ILV5 in valine metabolism in anaerobic fermentation of glucose in mineral medium in S. cerevisiae.	abstract	high	Baseline / native S. cerevisiae anaerobic isobutanol yield.
doi:10.1186/1754-6834-4-21	10.1186/1754-6834-4-21	2011	Saccharomyces cerevisiae	ILV2 ILV3 ILV5 overexpression strain	3.86	mg per g glucose	0.00386	glucose	false	glucose, mineral medium	aerobic shake flask	In aerobic cultivations in shake flasks in mineral medium, the isobutanol yield of the ILV2 ILV3 ILV5 overexpression strain and the reference strain were 3.86 and 0.28 mg per g glucose, respectively.	results	high	Reference strain in same sentence = 0.28 mg/g glucose (aerobic).
doi:10.1186/1754-6834-4-21	10.1186/1754-6834-4-21	2011	Saccharomyces cerevisiae	reference strain (empty vector)	0.28	mg per g glucose	0.00028	glucose	false	glucose, mineral medium	aerobic shake flask	In aerobic cultivations in shake flasks in mineral medium, the isobutanol yield of the ILV2 ILV3 ILV5 overexpression strain and the reference strain were 3.86 and 0.28 mg per g glucose, respectively.	results	high	Native aerobic baseline.
doi:10.1186/s12934-015-0240-6	10.1186/s12934-015-0240-6	2015	Saccharomyces cerevisiae	YPH499dILV1-emp	3.67 +/- 0.09	mg/g glucose	0.00367	glucose	false	glucose	fermentation, 2 days	The isobutanol yields of YPH499ΔILV1-emp, YPH499ΔILV1-kAI, YPH499ΔILV1-kAI-MAE1 and YPH499ΔILV1-kAI-PMsM were 3.67 ± 0.09, 8.03 ± 0.15, 6.56 ± 0.44 and 12.04 ± 0.23 mg/g glucose at 2 days, respectively.	results	high	Four strains reported in one sentence; one row each.
doi:10.1186/s12934-015-0240-6	10.1186/s12934-015-0240-6	2015	Saccharomyces cerevisiae	YPH499dILV1-kAI	8.03 +/- 0.15	mg/g glucose	0.00803	glucose	false	glucose	fermentation, 2 days	The isobutanol yields of YPH499ΔILV1-emp, YPH499ΔILV1-kAI, YPH499ΔILV1-kAI-MAE1 and YPH499ΔILV1-kAI-PMsM were 3.67 ± 0.09, 8.03 ± 0.15, 6.56 ± 0.44 and 12.04 ± 0.23 mg/g glucose at 2 days, respectively.	results	high	Four strains reported in one sentence; one row each.
doi:10.1186/s12934-015-0240-6	10.1186/s12934-015-0240-6	2015	Saccharomyces cerevisiae	YPH499dILV1-kAI-MAE1	6.56 +/- 0.44	mg/g glucose	0.00656	glucose	false	glucose	fermentation, 2 days	The isobutanol yields of YPH499ΔILV1-emp, YPH499ΔILV1-kAI, YPH499ΔILV1-kAI-MAE1 and YPH499ΔILV1-kAI-PMsM were 3.67 ± 0.09, 8.03 ± 0.15, 6.56 ± 0.44 and 12.04 ± 0.23 mg/g glucose at 2 days, respectively.	results	high	Four strains reported in one sentence; one row each.
doi:10.1186/s12934-015-0240-6	10.1186/s12934-015-0240-6	2015	Saccharomyces cerevisiae	YPH499dILV1-kAI-PMsM	12.04 +/- 0.23	mg/g glucose	0.01204	glucose	false	glucose	fermentation, 2 days	The isobutanol yields of YPH499ΔILV1-emp, YPH499ΔILV1-kAI, YPH499ΔILV1-kAI-MAE1 and YPH499ΔILV1-kAI-PMsM were 3.67 ± 0.09, 8.03 ± 0.15, 6.56 ± 0.44 and 12.04 ± 0.23 mg/g glucose at 2 days, respectively.	results	high	Four strains reported in one sentence; one row each.
doi:10.1016/j.meteno.2016.01.002	10.1016/j.meteno.2016.01.002	2016	Saccharomyces cerevisiae	IME307 (Pdc- with catabolic isobutanol pathway)	0.018 +/- 0.003	mol/mol glucose	0.007405	glucose	false	glucose (SMG medium)	micro-aerobic	While the engineered strain could not grow anaerobically, micro-aerobic cultivation resulted in isobutanol formation at a yield of 0.018±0.003 mol/mol glucose.	abstract	high	Same paper reports isobutyrate at a higher yield (0.065 mol/mol) and 2,3-butanediol at 0.649 mol/mol - by-product overflow, not isobutanol.
doi:10.1016/j.synbio.2022.02.007	10.1016/j.synbio.2022.02.007	2022	Saccharomyces cerevisiae	mIBAILV5	1.8	mg isobutanol/g glucose	0.0018	glucose	false	glucose	fermentation, 38 h	The highest isobutanol titer was achieved by the mIBAILV5 strain, which produced 170 mg/L at 38 h, corresponding to a yield of 1.8 mg isobutanol/g glucose.	results	high	Cytosolic isobutanol pathway strain; iron-limited bottleneck study.
doi:10.1186/s13068-019-1560-2	10.1186/s13068-019-1560-2	2019	Saccharomyces cerevisiae	YZy197	23.0 +/- 4.8	mg/g xylose	0.023	xylose	false	xylose (15%)	high cell-density batch fermentation	We found that higher xylose concentrations result in higher isobutanol yields (Fig. a), which correlate with decreased rates of xylose consumption (Additional file : Figure S6a, b), achieving a maximum overall yield of 23.0 ± 4.8 mg/g xylose in 15% xylose.	results	high	Overall (end-point) yield. Paper states theoretical maximum on xylose = 411 mg/g, so this is 5.6%.
doi:10.1186/s13068-019-1560-2	10.1186/s13068-019-1560-2	2019	Saccharomyces cerevisiae	YZy197	38.8 +/- 2.4	mg/g xylose (maximum DAILY yield)	0.0388	xylose	false	xylose (15%)	fed-batch fermentation, day 2	The maximum daily yield of 38.8 ± 2.4 mg/g xylose, achieved in the second day of fed-batch fermentations in 15% xylose, corresponds to 9.4% of the maximum theoretical yield (411 mg/g) and a 50% increase from the maximum daily yield achieved in batch fermentations starting with same amount of xylose (Table , Additional file : Table S1 and Figure S8).	results	high	IMPORTANT: this is an instantaneous DAILY yield over one 24 h window, not an overall process yield. Do not compare directly with end-point yields.
doi:10.1186/s13068-019-1560-2	10.1186/s13068-019-1560-2	2019	Saccharomyces cerevisiae	YZy197	35.8 +/- 1.1	mg/g xylose (compounded, 48 h)	0.0358	xylose	false	xylose (15%)	fed-batch fermentation, first 48 h	The compounded isobutanol yield of the fed-batch fermentation in 15% xylose during the first 96 h is thus higher than in any other fermentation (Additional file : Figure S8g), peaking after 48 h, when it reaches 35.8 ± 1.1 mg/g xylose, which is 74% higher than in the batch fermentation starting with the same xylose concentration (Fig. c).	results	high	Compounded (cumulative to 48 h) yield, not the end-point yield.
doi:10.1186/s13068-019-1560-2	10.1186/s13068-019-1560-2	2019	Saccharomyces cerevisiae	YZy181 (bat1 pho13 ald6)	5.2 +/- 0.4	mg/g (xylose)	0.0052	xylose	false	xylose	72 h fermentation	Finally, the strain carrying all three deletions (YZy181) achieves the same isobutanol titers (409 ± 25 mg/L) as the strain with only BAT1 and ALD6 (YZy184) and the highest overall yields after 72 h of fermentation (5.2 ± 0.4 mg/g), which are 2.8- and 3.0-fold higher than the parental strain (YZy165) (Fig. a, Additional file : Figure S2a, b).	results	high	Quote says "mg/g" without naming the sugar; xylose is the substrate throughout this paper.
doi:10.1186/s13068-019-1560-2	10.1186/s13068-019-1560-2	2019	Saccharomyces cerevisiae	YZy178 (pho13delta)	2.3 +/- 0.5	mg/g xylose	0.0023	xylose	false	xylose (15%)	72 h high cell-density fermentation	When we deleted PHO13 in YZy165 (YZy178, Table ), we observed a modest increase in isobutanol yield (2.3 ± 0.5 mg/g xylose from 1.7 ± 0.3 mg/g xylose, Fig. a) and approximately 36% reduction in ethanol titers (27.9 ± 0.3 g/L from 37.8 ± 1.9 g/L, Fig. b) from 15% xylose in 72 h high cell-density fermentations.	results	high	Parental YZy165 in the same sentence = 1.7 +/- 0.3 mg/g xylose.
doi:10.1186/s13068-019-1560-2	10.1186/s13068-019-1560-2	2019	Saccharomyces cerevisiae	YZy165 (parental)	1.7 +/- 0.3	mg/g xylose	0.0017	xylose	false	xylose (15%)	72 h high cell-density fermentation	When we deleted PHO13 in YZy165 (YZy178, Table ), we observed a modest increase in isobutanol yield (2.3 ± 0.5 mg/g xylose from 1.7 ± 0.3 mg/g xylose, Fig. a) and approximately 36% reduction in ethanol titers (27.9 ± 0.3 g/L from 37.8 ± 1.9 g/L, Fig. b) from 15% xylose in 72 h high cell-density fermentations.	results	high	Parental strain baseline.
doi:10.1186/s13068-019-1560-2	10.1186/s13068-019-1560-2	2019	Saccharomyces cerevisiae	YZy197	57.2 +/- 5.2	mg/g xylose (TOTAL BCHAs, not isobutanol alone)		xylose	false	xylose	fermentation	The yield of total BCHAs is 57.2 ± 5.2 mg/g xylose, corresponding to ~ 14% of the maximum theoretical yield.	results	low	AMBIGUOUS/NOT ISOBUTANOL-ONLY: "total BCHAs" = isobutanol + 2-methyl-1-butanol combined. Recorded for completeness; must NOT be ingested as an isobutanol yield.
doi:10.1186/s13568-019-0885-3	10.1186/s13568-019-0885-3	2019	Saccharomyces cerevisiae	PWY2353 + LlkivD + ScADH7 (low-copy plasmid)	7.0	mg/g consumed D-xylose	0.007	xylose	false	D-xylose	shake flask, 6 days	Our best producer, strain PWY2353 with additional low-copy plasmid-based expression of LlkivD and ScADH7, was able to produce isobutanol at a titer of 48.4 ± 2.0 mg/L after 6 days of cultivation (specific isobutanol production of 25.3 ± 2.8 mg/g CDW; yield of 7.0 mg/g consumed d-xylose).	results	high	
doi:10.1093/femsyr/foae006	10.1093/femsyr/foae006	2024	Saccharomyces cerevisiae	ZNXISO (ZNF1-overexpressing, xylose-isobutanol)	155.88	mg/g xylose consumed	0.15588	xylose	false	xylose (high concentration)	fermentation, day 6, upscaled + FeSO4	On day 6, ZNXISO strain achieved the highest isobutanol production ~14809.0 ± 400 mg/l, isobutanol yield 155.88 mg/g xylose consumed, and productivity of 34.98 mg/g CDW/h, while the control strain produced 4060 ± 400 mg/L isobutanol, isobutanol yield 48.92 mg/g xylose consumed and productivity of 34.98 mg/g CDW/h (+264.75 improvement in the ZNXISO) (Table and Fig. ).	results	low	DOUBT: 14.8 g/L isobutanol and 155.88 mg/g in S. cerevisiae would be ~2.6x the best yeast yield in this whole corpus (59.55 mg/g, s13068-019-1486-8) and ~10x the best previously reported yeast titer. The same paper's own introduction states S. cerevisiae makes isobutanol at <1% of theoretical. Adjacent sentences in the paper are internally inconsistent (e.g. "the control strain showed 40.0 +/- 400 mg/L of isobutanol or yield 42.61 mg/g"). Treat as unverified until the figures/tables are checked against the raw data.
doi:10.1093/femsyr/foae006	10.1093/femsyr/foae006	2024	Saccharomyces cerevisiae	control strain (day 6)	48.92	mg/g xylose consumed	0.04892	xylose	false	xylose	fermentation, day 6	On day 6, ZNXISO strain achieved the highest isobutanol production ~14809.0 ± 400 mg/l, isobutanol yield 155.88 mg/g xylose consumed, and productivity of 34.98 mg/g CDW/h, while the control strain produced 4060 ± 400 mg/L isobutanol, isobutanol yield 48.92 mg/g xylose consumed and productivity of 34.98 mg/g CDW/h (+264.75 improvement in the ZNXISO) (Table and Fig. ).	results	low	DOUBT: same internal-consistency concerns as the ZNXISO row from this paper. A "control" strain at 48.92 mg/g would itself beat every other yeast yield in this corpus except one.
doi:10.1093/femsyr/foae006	10.1093/femsyr/foae006	2024	Saccharomyces cerevisiae	PWY2343 (ZNF1-overexpressing)	1.121	mg/g xylose consumed	0.001121	xylose	false	xylose (20 g/L)	fermentation, day 6	The isobutanol produced was 112.0 ± 9.6 mg/L, with 1.121 mg/g xylose consumed, and isobutanol productivity of 0.507 mg/g CDW/h using 20 g/l xylose fermentation on day 6 in the ZNF1 overexpressing strain, PWY2343 (Fig. and Table ).	results	medium	Low-xylose condition; this value is mutually consistent with the control value below and with the wider literature, unlike this paper's high-xylose numbers.
doi:10.1093/femsyr/foae006	10.1093/femsyr/foae006	2024	Saccharomyces cerevisiae	PWY2343 control	0.741	mg/g xylose consumed	0.000741	xylose	false	xylose (20 g/L)	fermentation	The control PWY2343 strain with 74.0 ± 3.3 mg/L of isobutanol, according to isobutanol yield 0.741 mg/g xylose consumed (+51% improvement compared the control) (Fig. and Table ).	results	medium	Sentence is self-referentially confusing ("control ... compared the control"); the number itself is legible.
doi:10.1093/femsyr/foae006	10.1093/femsyr/foae006	2024	Saccharomyces cerevisiae	ZNIXSO + 0.05 g/L FeSO4.7H2O	3.635	mg/g xylose consumed	0.003635	xylose	false	xylose	fermentation with iron supplementation	Surprisingly, the engineered ZNIXSO strain induced by 0.05 g/l FeSO4.7H2O, produced even higher level of isobutanol to 363.0 ± 5.9 mg/L with the yield of 3.635 mg/g xylose consumed and 1.606 mg/g CDW/h (+224.11% improvement compared to the control strain) (Fig. and Table ).	results	medium	Strain name spelled ZNIXSO here and ZNXISO elsewhere in the same paper - likely the same strain.
doi:10.1186/s13068-017-1003-x	10.1186/s13068-017-1003-x	2018	Komagataella phaffii (Pichia pastoris)	PP304 (episomal PpIlv6_T2A_PpIlv2)	22.2 +/- 0.1	mg/g glucose	0.0222	glucose	false	glucose	shake flask	In particular, PP304, which harbors the episomal plasmid containing the PpIlv6_T2A_PpIlv2 expression cassette, produced the highest titer of isobutanol at 2.22 ± 0.05 g/L (isobutanol yield of 22.2 ± 0.1 mg/g glucose, specific isobutanol production titer of 153 ± 9 mg/L/OD600).	results	high	Highest non-Saccharomyces yeast yield found in this corpus.
doi:10.1186/s12934-019-1171-4	10.1186/s12934-019-1171-4	2019	Escherichia coli	CFTi91zpee (ED-pathway, zwf pgl edd eda)	0.37	g/g	0.37	glucose	false	glucose	aerobic to 18 h then screw-capped (relatively anaerobic), 96 h	The yield of isobutanol from glucose in CFTi91zpee between 18 and 96 h cultivation was 0.37 g/g, and the final isobutanol titer was 15.0 g/L.	results	high	Paper states this is 90% of the maximal theoretical yield (0.41 g/g). Note the conclusions section writes the same figure as "(g-glucose/g-isobutanol)", which is an inverted-unit typo; the results and discussion consistently give g-isobutanol/g-glucose.
doi:10.1186/s12934-019-1171-4	10.1186/s12934-019-1171-4	2019	Escherichia coli	CFTi51 (completely ED-pathway-dependent)	0.24	g/g	0.24	glucose	false	glucose	aerobic, 48 h	The yield of isobutanol from glucose in CFTi51 after 48 h of cultivation was 0.24 g/g (g-isobutanol/g-glucose).	results	high	
doi:10.1186/s12934-019-1171-4	10.1186/s12934-019-1171-4	2019	Escherichia coli	CFTi91	0.28	g/g	0.28	glucose	false	glucose	aerobic to 18 h then anaerobic, 18-96 h	The yield of isobutanol from glucose in CFTi91 between 18 and 96 h of cultivation was 0.28 g/g.	results	high	
doi:10.1007/s00253-011-3173-y	10.1007/s00253-011-3173-y	2011	Escherichia coli	JCL260	0.29 +/- 0.003	g/g	0.29	glucose	false	glucose	bioreactor with in situ product removal, 30 C	The maximum isobutanol yield on glucose (determined at the end of fermentation) for JCL260 cultivated at 30°C was 0.29 ± 0.003 g/g, which is 68% of the theoretical maximum.	results	high	Paper calls this 68% of theoretical, implying a theoretical basis near 0.426 g/g rather than 0.411; recorded as reported.
doi:10.1186/s13068-023-02395-z	10.1186/s13068-023-02395-z	2023	Escherichia coli	SB001-pIBA4 (dldhA dfrdA dpflB + pIBA4)	89	% of the theoretical maximal isobutanol/glucose yield	0.3658	glucose	true	glucose minimal medium + acetate co-substrate	anaerobic small-scale batch	In small-scale batch cultivations, the strain reached a glucose uptake rate of 4.8 mmol gDW−1 h−1, a titer of 74 mM and 89% of the theoretical maximal isobutanol/glucose yield, while secreting only small amounts of ethanol synthesized from acetate.	abstract	high	Conversion 0.89 x 0.411 = 0.366 g/g is my arithmetic, not the paper's. Growth-coupled anaerobic design.
doi:10.1126/sciadv.abe1767	10.1126/sciadv.abe1767	2021	Escherichia coli	chromosomally integrated isobutanol pathway strain (best screen hit)	69	% of the theoretical maximum	0.2836	glucose	true	glucose	batch, 48 h	The integrated strains could, with far lower expression levels than plasmid-based expression, produce high titers (10.0 ± 0.9 g/liter isobutanol in 48 hours) and yields (69% of the theoretical maximum).	abstract	high	Paper explicitly defines the theoretical maximum as 0.41 g isobutanol per gram glucose, so 0.284 g/g. Strain not named in this quote.
doi:10.1186/s13068-015-0291-2	10.1186/s13068-015-0291-2	2015	Escherichia coli	LA02	0.240	mol/mol	0.0987	glucose	false	glucose	fermentation	Consequently, the isobutanol produced by strain LA03 was only 3.10 g/L, a slight increase compared to that of LA02 (2.70 g/L), and the isobutanol yield of LA03 (0.238 mol/mol, 28.3% of theoretical yield) was very similar to that of LA02 (0.240 mol/mol, 28.6% of theoretical yield).	results	high	Paper's own "% of theoretical" uses a basis near 0.84 mol/mol (0.240/0.286), NOT 1.0 mol/mol; its percentages are therefore not comparable with papers that use 1 mol/mol.
doi:10.1186/s13068-015-0291-2	10.1186/s13068-015-0291-2	2015	Escherichia coli	LA03	0.238	mol/mol	0.0979	glucose	false	glucose	fermentation	Consequently, the isobutanol produced by strain LA03 was only 3.10 g/L, a slight increase compared to that of LA02 (2.70 g/L), and the isobutanol yield of LA03 (0.238 mol/mol, 28.3% of theoretical yield) was very similar to that of LA02 (0.240 mol/mol, 28.6% of theoretical yield).	results	high	See LA02 row about the paper's non-standard theoretical basis.
doi:10.1186/s13068-015-0291-2	10.1186/s13068-015-0291-2	2015	Escherichia coli	LA04 (gapN expression)	0.38	mol/mol	0.1563	glucose	false	glucose	fermentation	These results indicated the redox status in strain LA04 was improved by the gapN expression, and therefore the isobutanol production (5.28 g/L) and yield (0.38 mol/mol, 45.2% of theoretical yield) were both increased by 95.6 and 58.3% compared to those of strain LA02 (P < 0.01).	results	high	
doi:10.1186/s13068-015-0291-2	10.1186/s13068-015-0291-2	2015	Escherichia coli	gapN-expression series (highest gapN level; strain not named in quote)	71.4	% of theoretical yield		glucose	true	glucose	fermentation	Moreover, as the gapN expression level increased, the isobutanol production and its yield were respectively improved from 3.80 to 8.68 g/L (P < 0.01) and from 34.5 to 71.4% of theoretical yield (P < 0.01), and showed a positive correlation to NADPH/NADP+ ratio (the Spearman coefficient of correlation reached to 1 and P value was lower than 0.05) (Fig. b).	results	medium	value_g_per_g deliberately left empty: this paper's "% of theoretical" is on a ~0.84 mol/mol basis, so multiplying by 0.411 g/g would overstate it. Strain is not named in the quote.
doi:10.1186/s12934-015-0232-6	10.1186/s12934-015-0232-6	2015	Escherichia coli	engineered isobutanol producer expressing ascB/cbpA (strain not named in quote)	70	% of the theoretical maximum		other	true	gluconate (20 g/L)	batch, 24 h	From 20 g/L gluconate, 4.9 g/L isobutanol was produced in 24 hours, achieving 70% of the theoretical maximum and a productivity of 0.20 g/L/h.	results	high	Titer 4.9 g/L. value_g_per_g LEFT EMPTY ON PURPOSE: the theoretical maximum on gluconate / cellobionic acid is not 0.411 g/g, so the percentage cannot be converted with the glucose constant.
doi:10.1186/s12934-015-0232-6	10.1186/s12934-015-0232-6	2015	Escherichia coli	engineered isobutanol producer expressing ascB/cbpA (strain not named in quote)	54	% of the theoretical maximum	0.2219	glucose	true	glucose (10 g/L) + gluconate (10 g/L)	batch, 24 h	From 10 g/L glucose and 10 g/L gluconate, 4.1 g/L isobutanol was produced in 24 hours, yielding 54% of the theoretical maximum and productivity of 0.17 g/L/h.	results	high	Titer 4.1 g/L. Converted with the 0.411 g/g glucose theoretical maximum.
doi:10.1186/s12934-015-0232-6	10.1186/s12934-015-0232-6	2015	Escherichia coli	engineered isobutanol producer expressing ascB/cbpA (strain not named in quote)	51	% of the theoretical maximum	0.2096	glucose	true	glucose (20 g/L)	batch, 24 h	From 20 g/L glucose, 4.2 g/L isobutanol was produced in 24 hours, attaining 51% of the theoretical maximum and a productivity of 0.23 g/L/h.	results	high	Titer 4.2 g/L. Converted with the 0.411 g/g glucose theoretical maximum.
doi:10.1186/s12934-015-0232-6	10.1186/s12934-015-0232-6	2015	Escherichia coli	engineered isobutanol producer expressing ascB/cbpA (strain not named in quote)	65	% of the theoretical maximum		other	true	commercial cellobionic acid (10.4 g/L)	batch, 24 h	From 10.4 g/L of commercial CBA, 2.7 g/L isobutanol was produced within 24 hours, yielding a productivity of 0.11 g/L/h and 65% of the theoretical maximum (Figure A).	results	high	Titer 2.7 g/L. value_g_per_g LEFT EMPTY ON PURPOSE: the theoretical maximum on gluconate / cellobionic acid is not 0.411 g/g, so the percentage cannot be converted with the glucose constant.
doi:10.1186/s12934-015-0232-6	10.1186/s12934-015-0232-6	2015	Escherichia coli	engineered isobutanol producer expressing ascB/cbpA (strain not named in quote)	56	% of the theoretical maximum	0.2302	glucose	true	glucose (10 g/L)	batch, 24 h	In comparison, from 10 g/L glucose 2.3 g/L isobutanol was produced, representing 56% of the theoretical maximum.	results	high	Titer 2.3 g/L. Converted with the 0.411 g/g glucose theoretical maximum.
doi:10.1186/s12934-015-0232-6	10.1186/s12934-015-0232-6	2015	Escherichia coli	engineered isobutanol producer expressing ascB/cbpA (strain not named in quote)	36	% of the theoretical maximum		other	true	synthesized cellobionic acid (16.9 g/L)	batch, 24 h	From 16.9 g/L synthesized CBA, 2.4 g/L isobutanol was produced in 24 hours, achieving 36% of the theoretical maximum with a productivity 0.10 g/L/h.	results	high	Titer 2.4 g/L. value_g_per_g LEFT EMPTY ON PURPOSE: the theoretical maximum on gluconate / cellobionic acid is not 0.411 g/g, so the percentage cannot be converted with the glucose constant.
doi:10.1186/s12934-015-0232-6	10.1186/s12934-015-0232-6	2015	Escherichia coli	engineered isobutanol producer expressing ascB/cbpA (strain not named in quote)	36	% of the theoretical maximum		other	true	cellobionic acid from Avicel hydrolysate (9.7 g/L)	batch, 24 h	From this hydrolysate, 9.7 g/L CBA was converted to 1.4 g/L isobutanol, representing 36% of the theoretical maximum, the same yield as from defined production media with synthesized CBA.	results	high	Titer 1.4 g/L. value_g_per_g LEFT EMPTY ON PURPOSE: the theoretical maximum on gluconate / cellobionic acid is not 0.411 g/g, so the percentage cannot be converted with the glucose constant.
doi:10.1016/j.synbio.2020.10.005	10.1016/j.synbio.2020.10.005	2020	Escherichia coli	JCL16/pSA65/pSA69	1.73	% of the theoretical maximum	0.0071	glucose	true	glucose (40 g/L)	batch	With 40 g/L glucose, JCL16/pSA65/pSA69 produced 0.283 g/L isobutanol within 24 h (c), yielding a productivity of 0.012 g/L/h and 1.73% of the theoretical maximum (h).	results	high	Titer 0.283 g/L in 24 h.
doi:10.1016/j.synbio.2020.10.005	10.1016/j.synbio.2020.10.005	2020	Escherichia coli	JW128/pSA65/pSA69	13	% of the theoretical maximum	0.0534	glucose	true	glucose (40 g/L)	batch	Whereas 2.181 g/L isobutanol was produced by JW128/pSA65/pSA69 within 24 h (e), representing 13% of the theoretical maximum (h).	results	high	Titer 2.181 g/L in 24 h.
doi:10.1016/j.synbio.2020.10.005	10.1016/j.synbio.2020.10.005	2020	Escherichia coli	JCL260/pSA69/pYX97	50.39	% of the theoretical maximum	0.2071	glucose	true	glucose (40 g/L)	batch	Using JCL260/pSA69/pYX97 as the expression host, the titer of isobutanol reached up to 8.26 g/L within 72 h (g) and the productivity was 0.115 g/L/h, which was 50.39% of the theoretical maximum (h).	results	high	Titer 8.26 g/L in 72 h.
doi:10.1016/j.synbio.2020.10.005	10.1016/j.synbio.2020.10.005	2020	Escherichia coli	JW128/pSA69/pYX97	35.11	% of the theoretical maximum	0.1443	glucose	true	glucose (40 g/L)	batch	For the strain JW128/pSA69/pYX97, 5.75 g/L isobutanol was produced within 72 h, reaching a productivity of 0.08 g/L/h and 35.11% of the theoretical maximum (h).	results	high	Titer 5.75 g/L in 72 h.
doi:10.1128/aem.00976-22	10.1128/aem.00976-22	2022	Escherichia coli	050T4/pCTSDT (2-ketoisovalerate strain; isobutanol as by-product)	0.284	mol/mol glucose	0.1168	glucose	false	glucose	microaerobic 5-L bioreactor, second phase	The accumulation of 13.1 g/L isobutanol with a second-phase yield of 0.284 mol/mol glucose () and the significantly higher cell mass accumulation in the bioreactor were partially responsible for the lower 2-ketoisovalerate yield.	results	medium	Isobutanol was the UNWANTED by-product in this 2-ketoisovalerate paper. The yield is a second-phase (not whole-process) yield. Strain attribution inferred from the surrounding section, not stated in the quote.
doi:10.1128/aem.00976-22	10.1128/aem.00976-22	2022	Escherichia coli	050TY/pCTSDTQ487S-RBS55 (engineered AlsS)	0.036	mol/mol glucose	0.0148	glucose	false	glucose	microaerobic 5-L bioreactor	The accumulation of isobutanol was substantially reduced to 1.51 g/L, with a yield of 0.036 mol/mol glucose (), indicating the significance of engineering AlsS.	results	medium	Isobutanol deliberately suppressed here (by-product minimisation), so this is a low-yield data point by design.
doi:10.1038/s41467-024-51029-x	10.1038/s41467-024-51029-x	2024	Escherichia coli	NNmini (respiro-fermentative)	80	% of the maximum yield		glycerol	true	glycerol (5 mM)	respiro-fermentative cultivation	While the observed titers are more than double the one reported for isobutanol production from glycerol in K. pneumoniae, these yields are 80% of the maximum yields (2.012 ± 0.059 mM isobutanol from 5 mM glycerol): in theory, one isobutanol molecule could be produced from two glycerol molecules (Fig. ).	results	high	GLYCEROL basis, not glucose - the paper defines the theoretical maximum as 1 isobutanol per 2 glycerol (0.5 mol/mol), so 0.411 g/g does NOT apply and value_g_per_g is left empty. From the raw numbers in the quote the mass yield would be 2.012 mM x 74.12 / (5 mM x 92.09) = 0.324 g/g glycerol, but that is my arithmetic, not the paper's.
doi:10.1371/journal.pone.0093815	10.1371/journal.pone.0093815	2014	Bacillus subtilis	BSUL08	0.37	C-mol isobutanol/C-mol glucose	0.2283	glucose	false	glucose	fed-batch fermentation	Furthermore, in fed-batch fermentation the isobutanol production and yield of BSUL08 increased by 11% and 19%, up to the value of 6.12 g/L and 0.37 C-mol isobutanol/C-mol glucose (63% of the theoretical value), respectively, compared with parental strain BSUL05.	abstract	high	The paper's "63% of the theoretical value" is against its own elementary-mode-derived 0.59 C-mol/C-mol, NOT against the 0.667 C-mol/C-mol (0.411 g/g) stoichiometric maximum. My g/g conversion uses 0.617 g/g per C-mol/C-mol.
doi:10.1371/journal.pone.0093815	10.1371/journal.pone.0093815	2014	Bacillus subtilis	BSUL06 (pgi knockout)	0.42	C-mol isobutanol/C-mol glucose	0.2592	glucose	false	glucose	batch fermentation	As expected, the knockout of pgi gene led to 118% increment for NADPH concentration (), and the isobutanol yield was increased by 16.7%, to 0.42 C-mol isobutanol/C-mol glucose with the isobutanol concentration reaching 2.37 g/L, which indicated that the elevated NADPH pool had a positive effect on isobutanol biosynthesis.	results	high	
doi:10.1371/journal.pone.0093815	10.1371/journal.pone.0093815	2014	Bacillus subtilis	BSUL08	0.51	C-mol isobutanol/C-mol glucose	0.3147	glucose	false	glucose	batch fermentation	Meanwhile, the isobutanol yield and production were 42% and 24% higher than that in BSUL05, reaching 0.51 C-mol isobutanol/C-mol glucose and 2.68 g/L, respectivelly.	results	medium	Strain assignment (BSUL08) inferred from the section context; the quote names only the comparison strain BSUL05. This is the highest B. subtilis value in the paper.
doi:10.1371/journal.pone.0093815	10.1371/journal.pone.0093815	2014	Bacillus subtilis	BSUL09	0.43	C-mol isobutanol/C-mol glucose	0.2654	glucose	false	glucose	batch fermentation	As expected, the isobutanol yield of BSUL09 was enhanced by 19.4% relatived to that of BSUL05, up to 0.43 C-mol isobutanol/C-mol glucose, which was close to that of BSUL06 and 84.3% of BSUL08 ().	results	high	
doi:10.1186/1475-2859-11-101	10.1186/1475-2859-11-101	2012	Bacillus subtilis	BSUL05 (ldh- pdhC-)	0.36 +/- 0.02	C-mol isobutanol/C-mol glucose	0.2222	glucose	false	glucose	microaerobic batch fermentation	The maximal isobutanol yield of the LDH- and PDHC-deficient strain BSUL05 reached 61% of the theoretical value to 0.36 ± 0.02 C-mol isobutanol/C-mol glucose, which was 2.3-fold of BSUL03.	results	high	61% of the theoretical value here means 61% of the paper's in-silico predicted 0.59 C-mol/C-mol, not of the stoichiometric maximum.
doi:10.1186/1475-2859-11-101	10.1186/1475-2859-11-101	2012	Bacillus subtilis	BSUL04	0.18 +/- 0.02	C-mol/C-mol	0.1111	glucose	false	glucose	microaerobic batch fermentation	In microaerobic batch fermentations, BSUL04 produced 2.11 ± 0.15 g/L isobutanol with a yield of 0.18 ± 0.02 C-mol/C-mol, which was 12.5% higher than that of BSUL03.	results	high	
doi:10.1186/1475-2859-11-101	10.1186/1475-2859-11-101	2012	Bacillus subtilis	BSUL04 or BSUL05 (strain not named in quote)	0.31 +/- 0.02	C-mol/C-mol	0.1913	glucose	false	glucose	fermentation	Meanwhile, isobutanol yield was up to 53% of the theoretical value to 0.31 ± 0.02 C-mol/C-mol, which was 1.9-fold of BSUL03.	results	low	UNRESOLVED: the quote gives no strain and I could not pin it to BSUL04 or BSUL05 from the surrounding text. Kept at low confidence for a human to resolve.
doi:10.1007/s00253-010-2522-6	10.1007/s00253-010-2522-6	2010	Corynebacterium glutamicum	WT harboring pKS167 (Peftu::alsS-ilvCD-kivd-adhA)	0.08	g/g (isobutanol/glucose)	0.08	glucose	false	glucose	long-term fermentation, 96 h	WT produced 4.0 g/L isobutanol in 96 h (Fig. ) and the overall product yield was found to be 0.08 g/g (isobutanol/glucose), which is 19% of the theoretical maximum.	results	high	Paper reports this as 19% of theoretical; 0.08/0.411 = 19.5% - consistent.
doi:10.1007/s00253-010-2522-6	10.1007/s00253-010-2522-6	2010	Corynebacterium glutamicum	dpyc dldh + pKS167	23	% of the theoretical maximum	0.0945	glucose	true	glucose	fermentation	Our results are in agreement with this argument, as the additional inactivation of the competitive LDH (∆pyc∆ldh) improved isobutanol production by ∼25% to 4.9 g/L isobutanol and increased the yield to 23% of the theoretical maximum.	discussion	high	
doi:10.1111/1751-7915.12879	10.1111/1751-7915.12879	2018	Corynebacterium glutamicum	CIsArXy	0.31 +/- 0.02	C-mol isobutanol per C-mol substrate (D-xylose + L-arabinose)	0.1913	other	false	organosolv hemicellulose fraction (D-xylose + L-arabinose)	anaerobic zero-growth production process	CIsArXy produced 7.2 ± 0.2 mM (0.53 ± 0.02 g L−1) isobutanol on HF at a carbon molar yield of 0.31 ± 0.02 C‐mol isobutanol per C‐mol substrate (d‐xylose + l‐arabinose) in an anaerobic zero‐growth production process.	abstract	high	Pentose substrates. C-mol/C-mol converts to g/g with the same 0.617 factor as for glucose because a C-mol of any of these sugars weighs ~30.03 g, so 0.191 g isobutanol per g pentose. Basis recorded as "other" because it is a two-sugar mixture, not glucose/xylose alone.
doi:10.1002/elsc.202000116	10.1002/elsc.202000116	2021	Pseudomonas putida	Iso2	60	mg isobutanol/g glucose	0.06	glucose	false	glucose	micro-aerobic production phase, 4 h	This process strategy yielded 60 mgisobutanol/gglucose within only 4 h, which is two times higher compared to Process F and Process R.	results	high	Abstract describes this as doubling the integral glucose-to-isobutanol conversion yield.
doi:10.1002/elsc.202000116	10.1002/elsc.202000116	2021	Pseudomonas putida	Iso2 (Process R, reference)	22	mg isobutanol/g glucose	0.022	glucose	false	glucose (943 g consumed)	aerobic bioreactor, 38 h	In total, 943 g glucose were consumed to produce 23.1 g isobutanol within 38 h leading to a yield of 22 mgisobutanol gglucose	results	high	Unit is split across a subscript boundary in the XML; reported unit is mg isobutanol per g glucose.
doi:10.1002/elsc.202000116	10.1002/elsc.202000116	2021	Pseudomonas putida	Iso2 (Process F, high growth rate)	25	mg isobutanol/g glucose	0.025	glucose	false	glucose	bioreactor, high growth rate	Consequently, the total glucose consumption increased by 41% still revealing an almost equal isobutanol yield of 25 mgisobutanol gglucose	results	high	
doi:10.1002/elsc.201900151	10.1002/elsc.201900151	2020	Pseudomonas putida	Iso2 (KT2440 derivative)	22 +/- 2	mg per gram of glucose	0.022	glucose	false	glucose, minimal medium	aerobic	The resulting strain P. putida Iso2 produced isobutanol with a substrate specific product yield (YIso/S) of 22 ± 2 mg per gram of glucose under aerobic conditions.	abstract	high	Quote reassembled across an XML subscript break ("...product yield (Y" / "Iso/S) of 22 +/- 2 mg per gram of glucose..."); the words are verbatim, the subscript marker is not repeated.
doi:10.1186/s13068-022-02144-8	10.1186/s13068-022-02144-8	2022	Klebsiella pneumoniae	T290L (IpdC active-site mutant)	0.16	mol/mol glucose	0.0658	glucose	false	glucose	batch culture	A maximum of 5.5 g/L of isobutanol was produced by K. pneumoniae T290L in batch culture with a substrate conversion ratio of 0.16 mol/mol, which was 25% higher than that of the control strain.	results	high	Paper also states this as 6.7% (w/w), which agrees with my 0.0658 g/g conversion. Reported as "substrate conversion ratio", which is a product-per-substrate yield.
doi:10.1186/s13068-020-01862-1	10.1186/s13068-020-01862-1	2021	Shimwellia blattae	p424IbPSO + pIZpntAB	11.9% -> 16.4%	percent (basis not defined in text)		unknown	false	glucose	fermentation	Interestingly, by the single overexpression the PntAB transhydrogenase, we have been able to increase 39.0% the production of isobutanol in S. blattae (p424IbPSO, pIZpntAB) and isobutanol yield from 11.9% to 16.4%.	results	low	AMBIGUOUS UNIT - recorded as ambiguous rather than normalised. The paper uses two different percentage scales without defining either: "yield from 11.9% to 16.4%" here, and separately "the calculated yield over the theoretical maximum increases from 46.4% to 58.5%". 11.9/46.4 is not a clean ratio, so I could not reconcile them. Needs the paper's methods/tables.
doi:10.1186/s13068-020-01862-1	10.1186/s13068-020-01862-1	2021	Shimwellia blattae	p424IbPSO + AdhA	11.9% -> 14.4%	percent (basis not defined in text)		unknown	false	glucose	fermentation	The solution provided by the addition of extra copies of pntAB of E. coli, appears to be more effective than the utilization of an NADH-dependent step to transform isobutyraldehyde into isobutanol by the addition of the NADH-dependent AdhA dehydrogenase that also increases isobutanol production by 19.3% and isobutanol yield from 11.9% to 14.4%.	conclusions	low	Same ambiguity as the pntAB row of this paper.
doi:10.1186/s13068-020-01862-1	10.1186/s13068-020-01862-1	2021	Shimwellia blattae	strain not named in quote	46.4% -> 58.5%	% of the theoretical maximum yield		unknown	true	glucose	fermentation	In our case, the calculated yield over the theoretical maximum increases from 46.4% to 58.5%.	discussion	low	AMBIGUOUS: this percent-of-theoretical scale cannot be reconciled with the 11.9/14.4/16.4% scale used elsewhere in the same paper, and the quote names no strain. value_g_per_g left empty rather than guessing 0.585 x 0.411.
doi:10.1038/s41467-019-08486-6	10.1038/s41467-019-08486-6	2019	Bacillus megaterium	SR7	~50	% yield on alpha-ketoisovalerate (aKIV)		other	false	alpha-ketoisovalerate (fed), not a sugar	aerobic, LB, xylose-induced, alpha-KIV fed	For SR7 grown in LB medium under aerobic conditions, isobutanol production was only observed for cells that contained kivD, with approximately 50% yield on αKIV in cultures that were both induced with xylose and fed the αKIV substrate (Fig. ).	results	high	BASIS IS NOT A SUGAR: yield is per alpha-ketoisovalerate fed/consumed, a pathway intermediate. The 0.411 g/g glucose theoretical maximum is irrelevant here, so value_g_per_g is empty.
doi:10.1038/s41467-019-08486-6	10.1038/s41467-019-08486-6	2019	Bacillus megaterium	SR7	~70	% yield on alpha-ketoisovalerate (aKIV)		other	false	alpha-ketoisovalerate (fed), not a sugar	aerobic, KivD + ADH6Sc	To increase product yield, the alcohol dehydrogenase ADH6Sc from S. cerevisisae was overexpressed in tandem with KivD, resulting in approximately 70% yield of isobutanol on αKIV for xylose-induced cells (Fig. ).	results	high	BASIS IS NOT A SUGAR: yield is per alpha-ketoisovalerate fed/consumed, a pathway intermediate. The 0.411 g/g glucose theoretical maximum is irrelevant here, so value_g_per_g is empty.
doi:10.1038/s41467-019-08486-6	10.1038/s41467-019-08486-6	2019	Bacillus megaterium	SR7	>80	% yield on alpha-ketoisovalerate (aKIV)		other	false	alpha-ketoisovalerate (fed), not a sugar	aerobic, KivD + YqhD	The YqhD enzyme from E. coli, known to be highly effective for producing isobutanol,, was identified as the superior variant, with the lowest amount of aldehyde accumulation at short culture times (4 h) (Fig. ), over 80% yield of isobutanol from αKIV (Fig. ), and maintained capacity for isopentanol production (Fig. ).	results	high	BASIS IS NOT A SUGAR: yield is per alpha-ketoisovalerate fed/consumed, a pathway intermediate. The 0.411 g/g glucose theoretical maximum is irrelevant here, so value_g_per_g is empty.
doi:10.1038/s41467-019-08486-6	10.1038/s41467-019-08486-6	2019	Bacillus megaterium	SR7	42 (average); 37-45 range	% yield on alpha-ketoisovalerate (aKIV)		other	false	alpha-ketoisovalerate (fed), not a sugar	supercritical CO2 headspace, xylose-induced	For cultures grown under scCO2 that showed high activity, isobutanol titers were greater than 1 mM, with 42% average yield on consumed αKIV substrate.	results	high	BASIS IS NOT A SUGAR: yield is per alpha-ketoisovalerate fed/consumed, a pathway intermediate. The 0.411 g/g glucose theoretical maximum is irrelevant here, so value_g_per_g is empty.
doi:10.1038/s41467-020-18124-1	10.1038/s41467-020-18124-1	2020	cell-free (in vitro purified-enzyme system, no host)	synthetic biochemistry cell-free system with continuous product removal	95	% yield	0.3904	glucose	true	glucose	cell-free bioreactor with continuous product removal, ~5 days	Here, we report a cell-free system in a bioreactor with continuous product removal that produces isobutanol from glucose at a maximum productivity of 4 g L−1 h−1, a titer of 275 g L−1 and 95% yield over the course of nearly 5 days.	abstract	high	Highest isobutanol yield in this corpus, but NOT a living organism - a purified-enzyme cascade, so there is no biomass drain on carbon. Treat separately from whole-cell yields.
doi:10.1038/s41467-020-18124-1	10.1038/s41467-020-18124-1	2020	cell-free (in vitro purified-enzyme system, no host)	same cell-free system, extended production run	91.8 +/- 0.60	% overall yield	0.3773	glucose	true	glucose	cell-free, continuous product removal, ~60 h	With this set-up, we were able to extend the production period to nearly 60 h with titers reaching 184 ± 7 g L−1 at a productivity of ~3.2 g L−1 h−1 and an overall yield of 91.8 ± 0.60% (Fig. ).	results	high	Second run of the same cell-free system.
doi:10.1016/j.mec.2022.e00210	10.1016/j.mec.2022.e00210	2022	cell-free (in vitro enzymes) fed by an E. coli in vivo step	in vitro KivD/ADH/FDH cascade on E. coli-derived KIV	93	% molar yield (on 2-ketoisovalerate)		other	false	2-ketoisovalerate (KIV) produced in vivo by engineered E. coli	in vitro batch, 24 h	The amount of isobutanol produced after 24h represents a titer of 1.78 g L−1 and a molar yield of 93%, compared to the starting substrate of KIV.	results	high	Yield is on KIV, not on sugar, so 0.411 g/g does not apply. The in vivo half of the same paper reports 0.36 g/g glucose but that is a KIV yield, not an isobutanol yield, and is deliberately NOT recorded here.
doi:10.3389/fbioe.2026.1879695	10.3389/fbioe.2026.1879695	2026	cell-free (immobilized multienzyme scaffoldin system)	scaffoldin-immobilized KDC/ADH/FDH cascade	78.4	% yield (on 2-ketoisovalerate)		other	false	2-ketoisovalerate (102 mM initial)	in vitro immobilized-enzyme reaction, 24 h	More specifically, the enhanced final concentration of isobutanol after 24 h was 80 mM (5.92 g/L), representing an overall yield of 78.4%.	results	high	Basis is KIV, not sugar. Paper notes an earlier epoxy-based system gave 43% at 2 g/L.
doi:10.3389/fbioe.2026.1879695	10.3389/fbioe.2026.1879695	2026	cell-free (immobilized multienzyme, epoxy resin - prior system)	epoxy-resin-immobilized cascade	43	% yield (on 2-ketoisovalerate)		other	false	2-ketoisovalerate	in vitro immobilized-enzyme reaction	Although this immobilized cell-free system demonstrated effective isobutanol production (2 g/L titer and 43% yield), the low overall yield necessitates improvement ().	introduction	medium	SECONDARY within this paper: describes the authors' own earlier epoxy-resin system, cited to a prior publication rather than measured here.
doi:10.1002/cssc.70914	10.1002/cssc.70914	2026	cell-free (cofactor-tethered nanomachine, ADH-GDH)	ADH-GDH nanomachine	13.9	% (on feed and consumed substrate)		glucose	false	glucose	in vitro batch, 24 h	In batch reactions, glucose was fully consumed within 24 h, yielding 13.8 mM isobutanol (13.9% on feed and consumed substrate).	results	low	AMBIGUOUS: "13.9% on feed and consumed substrate" - the paper does not say whether this is a molar conversion or a percent of theoretical, so it is recorded as reported and not converted.
doi:10.1038/nature06450	10.1038/nature06450	2008	Escherichia coli	JCL16 derivative with ilvIHCD pathway and adhE ldhA frdAB fnr pta deletions	0.21	g isobutanol per gram of glucose	0.21	glucose	false	glucose	shake flask, 16-24 h window	In addition, this strain converted glucose to isobutanol with a yield of 0.21 g of isobutanol per gram of glucose between 16 h and 24 h (Fig.	results	high	Landmark first report of the 2-keto acid route to isobutanol. Strain identity paraphrased from the preceding sentences; the quote itself says "this strain".
doi:10.1038/nature06450	10.1038/nature06450	2008	Escherichia coli	alsS-pathway strain (JCL260 background, pSA55/pSA69)	0.35	g isobutanol per g glucose	0.35	glucose	false	glucose + 0.5% yeast extract	micro-aerobic, 40-112 h window	The yield reached 0.35 (g isobutanol per g glucose) between 40 h and 112 h (Fig.	results	high	Paper states this is 86% of the theoretical maximum and separately that the theoretical maximum is 0.41 g/g. 22 g/L titer. This 86% figure is the number most often re-quoted across the rest of the corpus.
doi:10.1016/j.ymben.2011.02.004	10.1016/j.ymben.2011.02.004	2011	Escherichia coli	fully NADH-dependent pathway: AdhARE1 + IlvC6E6-his6	100	% of the theoretical limit	0.411	glucose	true	glucose (modified M9)	anaerobic	lactis AdhA variant in the isobutanol pathway improved the yield to 100% of the theoretical limit under anaerobic conditions.	abstract	high	The single most-cited isobutanol yield in this corpus (13.4 g/L at 100% of theoretical). g/g conversion is the 0.411 g/g maximum itself; treat the "100%" as the paper reports it, not as a measured 0.411 g/g.
doi:10.1016/j.ymben.2011.02.004	10.1016/j.ymben.2011.02.004	2011	Escherichia coli	NADPH-dependent pathway (reference)	53	% (anaerobic yield)	0.2178	glucose	true	glucose	anaerobic	3C): the NADPH-dependent pathway reached an anaerobic yield of only 53%, whereas strains expressing either an NADHdependent IlvC or ADH produced isobutanol at 74 to 82% yield.	results	high	Same sentence reports 74-82% for strains carrying either an NADH-dependent IlvC or an NADH-dependent ADH.
doi:10.1016/j.ymben.2011.02.004	10.1016/j.ymben.2011.02.004	2011	Escherichia coli	strains expressing either an NADH-dependent IlvC or ADH	74 to 82	% yield		glucose	true	glucose	anaerobic	3C): the NADPH-dependent pathway reached an anaerobic yield of only 53%, whereas strains expressing either an NADHdependent IlvC or ADH produced isobutanol at 74 to 82% yield.	results	medium	A RANGE across two strains, not a single measurement, so value_g_per_g is left empty. Note the pdftotext rendering "NADHdependent" (lost hyphen at a line break) is preserved verbatim.
doi:10.1016/j.ymben.2011.08.004	10.1016/j.ymben.2011.08.004	2011	Escherichia coli	NV3r1 (norvaline-evolved, LdhA mutation repaired) + pSA65/pSA69	0.31	g isobutanol/g glucose	0.31	glucose	false	glucose	batch, 99 h	Upon repair of this inhibitory mutation (strain NV3r1), a ﬁnal isobutanol titer of 21.2 g/L isobutanol was achieved in 99 h with a yield of 0.31 g isobutanol/g glucose or 76% of theoretical maximum.	results	high	Paper states this equals 76% of the theoretical maximum. 0.31/0.411 = 75.4%, consistent.
doi:10.1016/j.ymben.2011.08.004	10.1016/j.ymben.2011.08.004	2011	Escherichia coli	JCL260 + pSA69/pSA65	0.32	g/g glucose	0.32	glucose	false	glucose	batch	Using JCL260, we achieved an overall isobutanol yield of 0.32 g/g glucose, whereas using JCL16 and NV3 resulted in identical yields of 0.24 g/g (Table 2).	results	high	Same sentence gives JCL16 and NV3 at 0.24 g/g.
doi:10.1016/j.ymben.2011.08.004	10.1016/j.ymben.2011.08.004	2011	Escherichia coli	JCL16 and NV3 + pSA69/pSA65	0.24	g/g	0.24	glucose	false	glucose	batch	Using JCL260, we achieved an overall isobutanol yield of 0.32 g/g glucose, whereas using JCL16 and NV3 resulted in identical yields of 0.24 g/g (Table 2).	results	high	Two strains reported as identical at 0.24 g/g.
doi:10.1016/j.ymben.2012.11.008	10.1016/j.ymben.2012.11.008	2013	Escherichia coli	AS77 (alsS modulated by M1-93)	0.34	mol/mol	0.1399	glucose	false	glucose	aerobic	This strain produced 48 mM isobutanol with a yield of 0.34 mol/mol under aerobic condition, and produced 25 mM isobutanol with a yield of 0.52 mol/mol under anaerobic condition (Fig.	results	high	One sentence reports both the aerobic and the anaerobic value for this strain; this row is the aerobic one.
doi:10.1016/j.ymben.2012.11.008	10.1016/j.ymben.2012.11.008	2013	Escherichia coli	AS77 (alsS modulated by M1-93)	0.52	mol/mol	0.2139	glucose	false	glucose	anaerobic	This strain produced 48 mM isobutanol with a yield of 0.34 mol/mol under aerobic condition, and produced 25 mM isobutanol with a yield of 0.52 mol/mol under anaerobic condition (Fig.	results	high	One sentence reports both the aerobic and the anaerobic value for this strain; this row is the anaerobic one.
doi:10.1016/j.ymben.2012.11.008	10.1016/j.ymben.2012.11.008	2013	Escherichia coli	AS105 (second alsS copy, M1-64)	0.41	mol/mol	0.1687	glucose	false	glucose	aerobic	This strain produced 65 mM isobutanol with a yield of 0.41 mol/mol under aerobic condition, and produced 26 mM isobutanol with a yield of 0.66 mol/mol under anaerobic condition (Fig.	results	high	One sentence reports both the aerobic and the anaerobic value for this strain; this row is the aerobic one.
doi:10.1016/j.ymben.2012.11.008	10.1016/j.ymben.2012.11.008	2013	Escherichia coli	AS105 (second alsS copy, M1-64)	0.66	mol/mol	0.2715	glucose	false	glucose	anaerobic	This strain produced 65 mM isobutanol with a yield of 0.41 mol/mol under aerobic condition, and produced 26 mM isobutanol with a yield of 0.66 mol/mol under anaerobic condition (Fig.	results	high	One sentence reports both the aerobic and the anaerobic value for this strain; this row is the anaerobic one.
doi:10.1016/j.ymben.2012.11.008	10.1016/j.ymben.2012.11.008	2013	Escherichia coli	AS108 (ilvC modulated with M1-46)	0.51	mol/mol	0.2098	glucose	false	glucose	aerobic	This strain produced 114 mM isobutanol with a yield of 0.51 mol/mol under aerobic condition, and produced 35 mM isobutanol with a yield of 0.66 mol/mol under anaerobic condition (Fig.	results	high	One sentence reports both the aerobic and the anaerobic value for this strain; this row is the aerobic one.
doi:10.1016/j.ymben.2012.11.008	10.1016/j.ymben.2012.11.008	2013	Escherichia coli	AS108 (ilvC modulated with M1-46)	0.66	mol/mol	0.2715	glucose	false	glucose	anaerobic	This strain produced 114 mM isobutanol with a yield of 0.51 mol/mol under aerobic condition, and produced 35 mM isobutanol with a yield of 0.66 mol/mol under anaerobic condition (Fig.	results	high	One sentence reports both the aerobic and the anaerobic value for this strain; this row is the anaerobic one.
doi:10.1016/j.ymben.2012.11.008	10.1016/j.ymben.2012.11.008	2013	Escherichia coli	AS166 (pntAB M1-93 + yfjB modulated)	0.92	mol/mol	0.3785	glucose	false	glucose	anaerobic	The best strain AS166 produced 63 mM isobutanol with a yield of 0.92 mol/mol.	results	high	Highest anaerobic molar yield found in this corpus for a whole-cell system (0.92 mol/mol = 92% of the 1 mol/mol maximum).
doi:10.1016/j.ymben.2012.11.008	10.1016/j.ymben.2012.11.008	2013	Escherichia coli	AS226 (pntAB M1-46 + yfjB modulated)	0.62	mol/mol	0.2551	glucose	false	glucose	aerobic, 24 h	The best strain AS226 produced 146 mM isobutanol with a yield of 0.62 mol/mol (Table 3).	results	high	Elsewhere reported as 10.8 g/L isobutanol in 24 h at 0.62 mol/mol.
doi:10.1016/j.ymben.2012.11.008	10.1016/j.ymben.2012.11.008	2013	Escherichia coli	AS29	0.04	mol/mol	0.0165	glucose	false	glucose	aerobic	The resulting strain AS29 produced 3.0 mM isobutanol with a yield of 0.04 mol/mol under aerobic condition, and produced 4.8 mM isobutanol with a yield of 0.13 mol/mol under anaerobic condition (Fig.	results	high	Same sentence gives 4.8 mM and 0.13 mol/mol anaerobically for AS29.
doi:10.1016/j.ymben.2012.11.008	10.1016/j.ymben.2012.11.008	2013	Escherichia coli	AS74	0.18	mol/mol	0.0741	glucose	false	glucose	anaerobic	The resulting strain AS74 produced 2.6 mM isobutanol with a yield of 0.04 mol/mol under aerobic condition, and produced 4.9 mM isobutanol with a yield of 0.18 mol/mol under anaerobic condition (Fig.	results	high	Same sentence gives 0.04 mol/mol aerobically for AS74.
doi:10.1016/j.ymben.2012.11.008	10.1016/j.ymben.2012.11.008	2013	Escherichia coli	AS226-20 (20 serial transfers)	0.65	mol/mol	0.2674	glucose	false	glucose	aerobic	The resulting strain AS226-20 produced 141 mM isobutanol with a yield of 0.65 mol/ mol under aerobic condition, which was almost the same as the parent strain (Table S6).	results	high	Genetic-stability check; pdftotext splits "mol/ mol" across a line break, preserved verbatim.
doi:10.1016/j.ymben.2012.11.008	10.1016/j.ymben.2012.11.008	2013	Escherichia coli	AS166-10 (10 serial transfers)	0.92	mol/mol	0.3785	glucose	false	glucose	anaerobic	The resulting strain AS166-10 produced 65 mM isobutanol with a yield of 0.92 mol/mol under anaerobic condition, which was also almost the same as the parent strain (Table S6).	results	high	Stability check confirming the AS166 yield after 43 generations.
doi:10.1016/j.ymben.2012.11.008	10.1016/j.ymben.2012.11.008	2013	Escherichia coli	two-stage process (strain not specified in the quote)	higher than theoretical maximum	not quantified in the text; Table S5		glucose	false	glucose	two-stage process	Surprisingly, isobutanol yield was higher than theoretical maximum when using two-stage process (Table S5).	results	low	AUTHORS THEMSELVES FLAG AN IMPOSSIBLE VALUE. Recorded only as a caution: any yield taken from this paper's Table S5 two-stage data should be treated as unreliable. No number is recoverable from the main text.
doi:10.1016/j.ymben.2020.01.004	10.1016/j.ymben.2020.01.004	2020	Corynebacterium glutamicum	pckA-inactivated, ED-pathway, ptsG-overexpressing, ilvE-deleted producer	84	% (mol/mol glucose)	0.3452	glucose	true	glucose	fermentation, 24 h	Finally, the produced isobutanol concentration reached 280 mM at a yield of 84% (mol/mol glucose) in 24 h.	abstract	high	The paper defines 100% as 1 mol isobutanol per 1 mol glucose consumed, so 84% mol/mol maps cleanly onto 0.84 x 0.411 g/g. 280 mM = 20.8 g/L. Highest C. glutamicum yield in this corpus by a wide margin.
doi:10.1016/j.biortech.2018.03.081	10.1016/j.biortech.2018.03.081	2018	Enterobacter aerogenes	EHM01 (EMY-333 dldhA dbudA dpflB + pZADCB/pBTDA)	0.14	g/g glucose	0.14	glucose	false	glucose	flask, aerobic, 24 h	Approximately 4.6 g/L isobutanol with 0.14 g/g glucose yield was produced by EHM01 after 24 h cultivation (Fig.	results	high	
doi:10.1016/j.biortech.2018.03.081	10.1016/j.biortech.2018.03.081	2018	Enterobacter aerogenes	EHM02 (EMY-340, additionally dptsG)	0.13	g/g glucose and xylose		other	false	glucose + xylose (20 g/L each)	flask, 24 h	Because EHM02 consumed a 33% higher amount of sugars than EHM01, 22% higher isobutanol production was shown in EHM02 (5.6 g/L, 0.13 g/g glucose and xylose).	results	high	MIXED SUBSTRATE: yield is per gram of (glucose + xylose) combined, so basis is "other" and no glucose-only g/g conversion is meaningful.
doi:10.1016/j.biortech.2018.03.081	10.1016/j.biortech.2018.03.081	2018	Enterobacter aerogenes	EHM02	0.15	g/g glucose and xylose		other	false	sugarcane bagasse hydrolysate (99 g/L glucose + 62 g/L xylose)	pervaporation-coupled bioreactor, 72 h	A total of 161 g/L sugars (glucose 99 g/L and xylose 62 g/L) was consumed and about 24 g/L isobutanol was produced with a yield of 0.15 g/g glucose and xylose, 83% of which was recovered by the pervaporation procedure within 72 h (Fig.	results	high	MIXED SUBSTRATE (glucose + xylose). 24 g/L titer with in-situ pervaporation recovery.
doi:10.1016/j.biortech.2018.03.081	10.1016/j.biortech.2018.03.081	2018	Enterobacter aerogenes	EHM01/EHM02 host strains (quote says "the host strains")	0.14	g/g glucose and xylose		other	false	100 g/L glucose + 67 g/L xylose	bioreactor, 72 h	The host strains consumed 167 g/L sugars (100 g/L glucose and 67 g/L xylose), and 23 g/L isobutanol was produced during 72 h of fermentation with a yield of 0.14 g/g glucose and xylose.	results	medium	MIXED SUBSTRATE. The quote says "the host strains" (plural) and does not name which one; kept at medium confidence for that reason.
doi:10.1016/j.biortech.2018.07.150	10.1016/j.biortech.2018.07.150	2018	Saccharomyces cerevisiae	WdGB_3vec	0.49	mg isobutanol/g glucose	0.00049	glucose	false	glucose	flask	The WΔGB strain overexpressing the four genes involved in the isobutanol biosynthetic pathway produced 20.2 mg/L of isobutanol with a yield of 0.49 mg isobutanol/g glucose (Fig.	results	high	Host background S. cerevisiae D452-2 (stated in Methods, not in the quote). pdftotext renders the subscripted unit as "mgisobutanol/gglucose"; preserved verbatim.
doi:10.1016/j.biortech.2018.07.150	10.1016/j.biortech.2018.07.150	2018	Saccharomyces cerevisiae	WdGBIA_2vec (ALD6 disruption)	3.51	mg isobutanol/g glucose	0.00351	glucose	false	glucose	flask	While the ALD6 disruption strain (WΔGBIA_2vec) produced 147 mg/L isobutanol with a yield of 3.51 mgisobutanol/gglucose, the ALD6 and LEU1 double disruption strain (WΔGBIAL_2vec) produced 155 mg/L isobutanol with a yield of 3.71 mgisobutanol/gglucose (Fig.	results	high	Host background S. cerevisiae D452-2 (stated in Methods, not in the quote). pdftotext renders the subscripted unit as "mgisobutanol/gglucose"; preserved verbatim.
doi:10.1016/j.biortech.2018.07.150	10.1016/j.biortech.2018.07.150	2018	Saccharomyces cerevisiae	WdGBIAL_2vec (ALD6 + LEU1 disruption)	3.71	mg isobutanol/g glucose	0.00371	glucose	false	glucose	flask	While the ALD6 disruption strain (WΔGBIA_2vec) produced 147 mg/L isobutanol with a yield of 3.51 mgisobutanol/gglucose, the ALD6 and LEU1 double disruption strain (WΔGBIAL_2vec) produced 155 mg/L isobutanol with a yield of 3.71 mgisobutanol/gglucose (Fig.	results	high	Host background S. cerevisiae D452-2 (stated in Methods, not in the quote). pdftotext renders the subscripted unit as "mgisobutanol/gglucose"; preserved verbatim.
doi:10.1016/j.biortech.2018.07.150	10.1016/j.biortech.2018.07.150	2018	Saccharomyces cerevisiae	WdGBIALA1_2vec (dBAT1 dILV1 dALD6 dLEU1 dADH1)	4.20	mg isobutanol/g glucose	0.0042	glucose	false	glucose	flask	Without L-valine, L-isoleucine, isobutyrate, L-leucine, and ethanol formation (ΔBAT1ΔILV1ΔALD6ΔLEU1ΔADH1), the WΔGBIALA1_2vec strain produced 177 mg/L of isobutanol with a yield of 4.20 mgisobutanol/gglucose.	results	high	Host background S. cerevisiae D452-2 (stated in Methods, not in the quote). pdftotext renders the subscripted unit as "mgisobutanol/gglucose"; preserved verbatim.
doi:10.1016/j.biortech.2018.07.150	10.1016/j.biortech.2018.07.150	2018	Saccharomyces cerevisiae	WdGBIALA1_2vec (dBAT1 dILV1 dALD6 dLEU1 dADH1)	6.71	mg isobutanol/g glucose	0.00671	glucose	false	glucose	bioreactor with gas trapping	In a bioreactor fermentation with a gas trapping system, the WΔGBIALA1_2vec strain produced 662 mg/L isobutanol concentration with a yield of 6.71 mgisobutanol/gglucose.	results	high	Host background S. cerevisiae D452-2 (stated in Methods, not in the quote). pdftotext renders the subscripted unit as "mgisobutanol/gglucose"; preserved verbatim.
doi:10.1016/j.ymben.2017.10.001	10.1016/j.ymben.2017.10.001	2017	Saccharomyces cerevisiae	bat1delta + mitochondrial ILV2 ILV3 ILV5 ARO10 LlAdhARE1	12.45	mg isobutanol/g glucose	0.01245	glucose	false	glucose, valine-free medium	fermentation	The best isobutanol producing strain in this study, containing a BAT1 deletion and overexpressing ILV2, ILV3, ILV5, along with ARO10 and LlAdhARE1 in the mitochondria can reach a titer of 1.25 g/L with a yield of 12.45 mg isobutanol/g glucose (3.0% of theoretical maximum) in the absence of valine.	discussion	high	Paper reports 3.0% of theoretical; 0.01245/0.411 = 3.03%, consistent. Directly relevant to the mitochondrial-compartmentalisation question.
doi:10.1016/j.jbiotec.2012.01.022	10.1016/j.jbiotec.2012.01.022	2012	Saccharomyces cerevisiae	YTD-series derivative of YPH499 (Ehrlich pathway enhanced)	6.6	mg/g glucose	0.0066	glucose	false	glucose	micro-aerobic	Through these engineering steps, along with modiﬁcation of culture conditions, the isobutanol titer of S. cerevisiae was elevated 13-fold, from 11 mg/l to 143 mg/l, and the yield was 6.6 mg/g glucose, which is higher than any previously reported value for S. cerevisiae.	abstract	high	Host background S. cerevisiae YPH499 (stated in Methods). This 6.6 mg/g value is restated second-hand by at least four other papers in this corpus.
doi:10.1038/nbt.2509	10.1038/nbt.2509	2013	Saccharomyces cerevisiae	JAy161 (Ehrlich pathway compartmentalised in mitochondria)	6.4 +/- 0.2	mg per g glucose	0.0064	glucose	false	glucose	fermentation	Expression of the complete isobutanol pathway in the cytoplasm by overexpression of gene products of ILV2, ILV3 and ILV5 simply Table 1 Highest titers, yields and productivities achieved with JAy161 JAy161 2-Methyl-1- Total fusel Isobutanola Isopentanolb butanolb alcohols Titerc (mg l−1) 635 ± 23 Yieldc (mg per g glucose) 6.4 ± 0.2 Productivityd (mg l−1 h−1) 20.5 ± 1.2 95 ± 12 1.0 ± 0.1 4.0 ± 0.6 118 ± 28 1.1 ± 0.2 4.7 ± 0.2 850 ± 60 8.5 ± 0.5 29 ± 2 aThe highest isobutanol production levels previously reported35 are: titer, 630 ± 14 mg l−1; yield, 14.9 ± 0.6 mg per g glucose; and productivity (calculated), 6.6 ± 0.1 mg l−1 h−1.	table	medium	TABLE, NOT PROSE: read out of a pdftotext-flattened Table 1 whose columns are isobutanol / isopentanol / 2-methyl-1-butanol / total fusel alcohols. I read the isobutanol column (635 mg/L, 6.4 mg/g, 20.5 mg/L/h), which is the first column and is consistent with the abstract. Column alignment should be re-checked against the published table before ingestion.
doi:10.1016/j.enzmictec.2026.110838	10.1016/j.enzmictec.2026.110838	2026	Klebsiella pneumoniae	Kp-10 (ipdC T290L overexpressed in the by-product-reduced background)	0.28	mol/mol glucose	0.1152	glucose	false	glucose	batch fermentation	Over­ expression of the ipdC T290L variant shifted the major product from 2-ketoisovalerate to isobutanol, resulting in a batch fermentation titer of 5.32 g/L isobutanol and a conversion ratio of 0.28 mol/mol glucose.	abstract	high	A 1.75-fold improvement over the same group's earlier 0.16 mol/mol (s13068-022-02144-8, also in this harvest). pdftotext inserts a soft hyphen in "Over­ expression"; preserved verbatim.
doi:10.1016/j.biortech.2019.122104	10.1016/j.biortech.2019.122104	2019	cell-free (completely immobilized enzyme system)	immobilized KivD/ADH cascade on epoxy resin	43	% molar yield (on ketoisovaleric acid)		other	false	ketoisovaleric acid (64 mM)	in vitro immobilized-enzyme reaction	Isermann Department of Chemical and Biological Engineering and the Center for Biotechnology and Interdisciplinary Studies, Rensselaer Polytechnic Institute, Troy, NY 12180-3590, United States ARTICLE INFO Keywords: In vitro production Biofuels Immobilized enzymes Isobutanol Mutagenesis ABSTRACT A completely immobilized cell-free enzyme reaction system was used to convert ketoisovaleric acid to isobutanol, a desirable biofuel, with a molar yield of 43% and a titer of 2 g/L, which are comparable to high performing in vivo systems (e.g.	abstract	high	Basis is ketoisovaleric acid, not sugar, so the 0.411 g/g glucose maximum does not apply. This is the prior system that 10.3389/fbioe.2026.1879695 (also in this harvest) improves on.
doi:10.1016/j.biortech.2019.122104	10.1016/j.biortech.2019.122104	2019	cell-free (completely immobilized enzyme system)	immobilized cascade, free-enzyme comparison	54	% yield (on ketoisovaleric acid)		other	false	ketoisovaleric acid	in vitro reaction	(For interpretation of the references to colour in this figure legend, the reader is referred to the web version of this article.) isobutanol was produced at a titer of 2.59 g/L and a yield of 54%, better than prior in vivo production with S. cerevisiae at a titer of 0.64 g/L and a yield of 2% (Grimaldi et al., 2016).	results	medium	Basis is KIV, not sugar. The quote begins mid-sentence in the pdftotext output because a figure caption is interleaved; the clause quoted is contiguous source text.
doi:10.1016/j.biortech.2019.122104	10.1016/j.biortech.2019.122104	2019	cell-free (completely immobilized enzyme system)	immobilized cascade at low substrate loading	95	% yield (on ketoisovaleric acid, 2 mM)		other	false	ketoisovaleric acid (2 mM)	in vitro reaction	The 2 and 64 mM reactions obtained approximately 95% and 43% yield of isobutanol from the starting reagent, respectively.	results	high	Basis is KIV. Shows the classic yield-vs-loading trade-off: 95% at 2 mM falls to 43% at 64 mM.
