run_accession	study_accession	bioproject	biosample	organism	library_strategy	library_selection	library_layout	spots	study_title	experiment_title	sample_title	sample_name	attr_age	attr_agent	attr_base_media	attr_biomaterial_provider	attr_biosamplemodel	attr_cell_line	attr_collected_by	attr_collection_date	attr_common_name	attr_compound	attr_control_1	attr_control_2	attr_culture	attr_experiment_day	attr_genotype	attr_geo_loc_name	attr_growth_condition	attr_host	attr_isobutanol_addition	attr_isolate	attr_isolation_source	attr_library_id	attr_organism_part	attr_replicate	attr_roles_in_the_project	attr_sample_replicate_id	attr_sample_type	attr_source_name	attr_strain	attr_substrain	attr_temp	attr_time_point	attr_timepoint	attr_tissue	attr_treatment	attr_tryptophan_addition	attr_type	attr_other
ERR2624980	ERP109305	PRJEB27245	SAMEA4722541	Fusarium graminearum	RNA-Seq	cDNA	PAIRED	42222906	RNA-seq of Fusarium graminearum under predation by the springtail Folsomia candida against untreated controls	NextSeq 500 paired end sequencing; RNA-seq of Fusarium graminearum under predation by the springtail Folsomia candida against untreated controls	controlA	SAMEA4722541																	without Folsomia candida						mycelium	1										mycelium				
ERR2624981	ERP109305	PRJEB27245	SAMEA4722542	Fusarium graminearum	RNA-Seq	cDNA	PAIRED	40022950	RNA-seq of Fusarium graminearum under predation by the springtail Folsomia candida against untreated controls	NextSeq 500 paired end sequencing; RNA-seq of Fusarium graminearum under predation by the springtail Folsomia candida against untreated controls	controlB	SAMEA4722542																	without Folsomia candida						mycelium	2										mycelium				
ERR2624982	ERP109305	PRJEB27245	SAMEA4722543	Fusarium graminearum	RNA-Seq	cDNA	PAIRED	37701684	RNA-seq of Fusarium graminearum under predation by the springtail Folsomia candida against untreated controls	NextSeq 500 paired end sequencing; RNA-seq of Fusarium graminearum under predation by the springtail Folsomia candida against untreated controls	controlC	SAMEA4722543																	without Folsomia candida						mycelium	3										mycelium				
ERR2624983	ERP109305	PRJEB27245	SAMEA4722544	Fusarium graminearum	RNA-Seq	cDNA	PAIRED	23939449	RNA-seq of Fusarium graminearum under predation by the springtail Folsomia candida against untreated controls	NextSeq 500 paired end sequencing; RNA-seq of Fusarium graminearum under predation by the springtail Folsomia candida against untreated controls	controlD	SAMEA4722544																	without Folsomia candida						mycelium	4										mycelium				
ERR2624984	ERP109305	PRJEB27245	SAMEA4722545	Fusarium graminearum	RNA-Seq	cDNA	PAIRED	62516329	RNA-seq of Fusarium graminearum under predation by the springtail Folsomia candida against untreated controls	NextSeq 500 paired end sequencing; RNA-seq of Fusarium graminearum under predation by the springtail Folsomia candida against untreated controls	TreatedA	SAMEA4722545																	with Folsomia candida						mycelium	1										mycelium				
ERR2624985	ERP109305	PRJEB27245	SAMEA4722546	Fusarium graminearum	RNA-Seq	cDNA	PAIRED	60553139	RNA-seq of Fusarium graminearum under predation by the springtail Folsomia candida against untreated controls	NextSeq 500 paired end sequencing; RNA-seq of Fusarium graminearum under predation by the springtail Folsomia candida against untreated controls	TreatedB	SAMEA4722546																	with Folsomia candida						mycelium	2										mycelium				
ERR2624986	ERP109305	PRJEB27245	SAMEA4722547	Fusarium graminearum	RNA-Seq	cDNA	PAIRED	28727511	RNA-seq of Fusarium graminearum under predation by the springtail Folsomia candida against untreated controls	NextSeq 500 paired end sequencing; RNA-seq of Fusarium graminearum under predation by the springtail Folsomia candida against untreated controls	TreatedC	SAMEA4722547																	with Folsomia candida						mycelium	3										mycelium				
ERR2624987	ERP109305	PRJEB27245	SAMEA4722548	Fusarium graminearum	RNA-Seq	cDNA	PAIRED	40257043	RNA-seq of Fusarium graminearum under predation by the springtail Folsomia candida against untreated controls	NextSeq 500 paired end sequencing; RNA-seq of Fusarium graminearum under predation by the springtail Folsomia candida against untreated controls	TreatedD	SAMEA4722548																	with Folsomia candida						mycelium	4										mycelium				
ERR3450094	ERP116462	PRJEB33652	SAMEA5806236	Saccharomyces cerevisiae	RNA-Seq	RANDOM	PAIRED	3113174	Transcriptional responses to isobutanol in Saccharomyces cerevisiae wild type and gln3 deletion strains	Illumina MiSeq paired end sequencing; Transcriptional responses to isobutanol in Saccharomyces cerevisiae wild type and gln3 deletion strains	gln3(0)_rep1	SAMEA5806236	12					BY4741			baker's yeast						gln3 deletion		SC medium without isobutanol						whole organism											whole organism				
ERR3450095	ERP116462	PRJEB33652	SAMEA5806237	Saccharomyces cerevisiae	RNA-Seq	RANDOM	PAIRED	2134062	Transcriptional responses to isobutanol in Saccharomyces cerevisiae wild type and gln3 deletion strains	Illumina MiSeq paired end sequencing; Transcriptional responses to isobutanol in Saccharomyces cerevisiae wild type and gln3 deletion strains	gln3(0)_rep2	SAMEA5806237	12					BY4741			baker's yeast						gln3 deletion		SC medium without isobutanol						whole organism											whole organism				
ERR3450096	ERP116462	PRJEB33652	SAMEA5806238	Saccharomyces cerevisiae	RNA-Seq	RANDOM	PAIRED	1326663	Transcriptional responses to isobutanol in Saccharomyces cerevisiae wild type and gln3 deletion strains	Illumina MiSeq paired end sequencing; Transcriptional responses to isobutanol in Saccharomyces cerevisiae wild type and gln3 deletion strains	gln3(i-BuOH)_rep1	SAMEA5806238	12					BY4741			baker's yeast						gln3 deletion		SC medium with 1.3% (v/v) isobutanol						whole organism											whole organism				
ERR3450097	ERP116462	PRJEB33652	SAMEA5806239	Saccharomyces cerevisiae	RNA-Seq	RANDOM	PAIRED	3719279	Transcriptional responses to isobutanol in Saccharomyces cerevisiae wild type and gln3 deletion strains	Illumina MiSeq paired end sequencing; Transcriptional responses to isobutanol in Saccharomyces cerevisiae wild type and gln3 deletion strains	gln3(i-BuOH)_rep2	SAMEA5806239	12					BY4741			baker's yeast						gln3 deletion		SC medium with 1.3% (v/v) isobutanol						whole organism											whole organism				
ERR3450098	ERP116462	PRJEB33652	SAMEA5806240	Saccharomyces cerevisiae	RNA-Seq	RANDOM	PAIRED	1408529	Transcriptional responses to isobutanol in Saccharomyces cerevisiae wild type and gln3 deletion strains	Illumina MiSeq paired end sequencing; Transcriptional responses to isobutanol in Saccharomyces cerevisiae wild type and gln3 deletion strains	WT(0)_rep1	SAMEA5806240	12					BY4741			baker's yeast						wild type genotype		SC medium without isobutanol						whole organism											whole organism				
ERR3450099	ERP116462	PRJEB33652	SAMEA5806241	Saccharomyces cerevisiae	RNA-Seq	RANDOM	PAIRED	2485218	Transcriptional responses to isobutanol in Saccharomyces cerevisiae wild type and gln3 deletion strains	Illumina MiSeq paired end sequencing; Transcriptional responses to isobutanol in Saccharomyces cerevisiae wild type and gln3 deletion strains	WT(0)_rep2	SAMEA5806241	12					BY4741			baker's yeast						wild type genotype		SC medium without isobutanol						whole organism											whole organism				
ERR3450100	ERP116462	PRJEB33652	SAMEA5806242	Saccharomyces cerevisiae	RNA-Seq	RANDOM	PAIRED	1709278	Transcriptional responses to isobutanol in Saccharomyces cerevisiae wild type and gln3 deletion strains	Illumina MiSeq paired end sequencing; Transcriptional responses to isobutanol in Saccharomyces cerevisiae wild type and gln3 deletion strains	WT(i-BuOH)_rep1	SAMEA5806242	12					BY4741			baker's yeast						wild type genotype		SC medium with 1.3% (v/v) isobutanol						whole organism											whole organism				
ERR3450101	ERP116462	PRJEB33652	SAMEA5806243	Saccharomyces cerevisiae	RNA-Seq	RANDOM	PAIRED	1588749	Transcriptional responses to isobutanol in Saccharomyces cerevisiae wild type and gln3 deletion strains	Illumina MiSeq paired end sequencing; Transcriptional responses to isobutanol in Saccharomyces cerevisiae wild type and gln3 deletion strains	WT(i-BuOH)_rep2	SAMEA5806243	12					BY4741			baker's yeast						wild type genotype		SC medium with 1.3% (v/v) isobutanol						whole organism											whole organism				
SRR064642	SRP003312		SAMN00109675	Escherichia coli str. K-12 substr. MG1655	WGS	RANDOM	PAIRED	5968953	Whole genome sequencing of isobutanol high tolerance Escherichia coli strain	Whole genome sequencing of isobutanol tolerance strains in Escherichia coli	Isobutanol production host JCL260 (wild-type)	JCL260_wt																													K-12									
SRR064643	SRP003312		SAMN00109676	Escherichia coli str. K-12 substr. MG1655	WGS	RANDOM	PAIRED	4962680	Whole genome sequencing of isobutanol high tolerance Escherichia coli strain	Whole genome sequencing of isobutanol tolerance strains in Escherichia coli	Isobutanol tolerance mutant SA481	SA481_mut																													K-12									
SRR12265250	SRP272487	PRJNA644061	SAMN15447129	Escherichia coli	AMPLICON	PCR	PAIRED	917972	Engineering regulatory networks for complex phenotypes in E. coli	Sensor_postselection		isobutanol_post-selection_sensor					Microbe, viral or environmental			2019-10-25								USA					after isobutanol sensor condition						mixed culture		missing									
SRR12265251	SRP272487	PRJNA644061	SAMN15447129	Escherichia coli	AMPLICON	PCR	PAIRED	348588	Engineering regulatory networks for complex phenotypes in E. coli	Sensor_postselection		isobutanol_post-selection_sensor					Microbe, viral or environmental			2019-10-25								USA					after isobutanol sensor condition						mixed culture		missing									
SRR12265252	SRP272487	PRJNA644061	SAMN15447129	Escherichia coli	AMPLICON	PCR	PAIRED	129113	Engineering regulatory networks for complex phenotypes in E. coli	Sensor_postselection		isobutanol_post-selection_sensor					Microbe, viral or environmental			2019-10-25								USA					after isobutanol sensor condition						mixed culture		missing									
SRR12265253	SRP272487	PRJNA644061	SAMN15447129	Escherichia coli	AMPLICON	PCR	PAIRED	287564	Engineering regulatory networks for complex phenotypes in E. coli	Sensor_postselection		isobutanol_post-selection_sensor					Microbe, viral or environmental			2019-10-25								USA					after isobutanol sensor condition						mixed culture		missing									
SRR12265254	SRP272487	PRJNA644061	SAMN15447129	Escherichia coli	AMPLICON	PCR	PAIRED	357557	Engineering regulatory networks for complex phenotypes in E. coli	Sensor_postselection		isobutanol_post-selection_sensor					Microbe, viral or environmental			2019-10-25								USA					after isobutanol sensor condition						mixed culture		missing									
SRR12265256	SRP272487	PRJNA644061	SAMN15447129	Escherichia coli	AMPLICON	PCR	PAIRED	63784	Engineering regulatory networks for complex phenotypes in E. coli	Sensor_postselection		isobutanol_post-selection_sensor					Microbe, viral or environmental			2019-10-25								USA					after isobutanol sensor condition						mixed culture		missing									
SRR12265257	SRP272487	PRJNA644061	SAMN15447129	Escherichia coli	AMPLICON	PCR	PAIRED	213480	Engineering regulatory networks for complex phenotypes in E. coli	Sensor_postselection		isobutanol_post-selection_sensor					Microbe, viral or environmental			2019-10-25								USA					after isobutanol sensor condition						mixed culture		missing									
SRR12265258	SRP272487	PRJNA644061	SAMN15447129	Escherichia coli	AMPLICON	PCR	PAIRED	142624	Engineering regulatory networks for complex phenotypes in E. coli	Sensor_postselection		isobutanol_post-selection_sensor					Microbe, viral or environmental			2019-10-25								USA					after isobutanol sensor condition						mixed culture		missing									
SRR12265259	SRP272487	PRJNA644061	SAMN15447129	Escherichia coli	AMPLICON	PCR	PAIRED	79422	Engineering regulatory networks for complex phenotypes in E. coli	Sensor_postselection		isobutanol_post-selection_sensor					Microbe, viral or environmental			2019-10-25								USA					after isobutanol sensor condition						mixed culture		missing									
SRR12265260	SRP272487	PRJNA644061	SAMN15447129	Escherichia coli	AMPLICON	PCR	PAIRED	188209	Engineering regulatory networks for complex phenotypes in E. coli	Sensor_postselection		isobutanol_post-selection_sensor					Microbe, viral or environmental			2019-10-25								USA					after isobutanol sensor condition						mixed culture		missing									
SRR12265261	SRP272487	PRJNA644061	SAMN15447128	Escherichia coli	AMPLICON	PCR	PAIRED	319743	Engineering regulatory networks for complex phenotypes in E. coli	Sensor_preselection		isobutanol_pre-selection_sensor					Microbe, viral or environmental			2019-10-24								USA					before isobutanol sensor condition						mixed culture		missing									
SRR12265262	SRP272487	PRJNA644061	SAMN15447128	Escherichia coli	AMPLICON	PCR	PAIRED	356045	Engineering regulatory networks for complex phenotypes in E. coli	Sensor_preselection		isobutanol_pre-selection_sensor					Microbe, viral or environmental			2019-10-24								USA					before isobutanol sensor condition						mixed culture		missing									
SRR12265263	SRP272487	PRJNA644061	SAMN15447128	Escherichia coli	AMPLICON	PCR	PAIRED	379497	Engineering regulatory networks for complex phenotypes in E. coli	Sensor_preselection		isobutanol_pre-selection_sensor					Microbe, viral or environmental			2019-10-24								USA					before isobutanol sensor condition						mixed culture		missing									
SRR12265264	SRP272487	PRJNA644061	SAMN15447128	Escherichia coli	AMPLICON	PCR	PAIRED	281696	Engineering regulatory networks for complex phenotypes in E. coli	Sensor_preselection		isobutanol_pre-selection_sensor					Microbe, viral or environmental			2019-10-24								USA					before isobutanol sensor condition						mixed culture		missing									
SRR12265265	SRP272487	PRJNA644061	SAMN15447128	Escherichia coli	AMPLICON	PCR	PAIRED	342566	Engineering regulatory networks for complex phenotypes in E. coli	Sensor_preselection		isobutanol_pre-selection_sensor					Microbe, viral or environmental			2019-10-24								USA					before isobutanol sensor condition						mixed culture		missing									
SRR12265267	SRP272487	PRJNA644061	SAMN15447128	Escherichia coli	AMPLICON	PCR	PAIRED	43216	Engineering regulatory networks for complex phenotypes in E. coli	Sensor_preselection		isobutanol_pre-selection_sensor					Microbe, viral or environmental			2019-10-24								USA					before isobutanol sensor condition						mixed culture		missing									
SRR12265268	SRP272487	PRJNA644061	SAMN15447128	Escherichia coli	AMPLICON	PCR	PAIRED	32580	Engineering regulatory networks for complex phenotypes in E. coli	Sensor_preselection		isobutanol_pre-selection_sensor					Microbe, viral or environmental			2019-10-24								USA					before isobutanol sensor condition						mixed culture		missing									
SRR12265269	SRP272487	PRJNA644061	SAMN15447128	Escherichia coli	AMPLICON	PCR	PAIRED	83517	Engineering regulatory networks for complex phenotypes in E. coli	Sensor_preselection		isobutanol_pre-selection_sensor					Microbe, viral or environmental			2019-10-24								USA					before isobutanol sensor condition						mixed culture		missing									
SRR12265270	SRP272487	PRJNA644061	SAMN15447128	Escherichia coli	AMPLICON	PCR	PAIRED	36766	Engineering regulatory networks for complex phenotypes in E. coli	Sensor_preselection		isobutanol_pre-selection_sensor					Microbe, viral or environmental			2019-10-24								USA					before isobutanol sensor condition						mixed culture		missing									
SRR12265271	SRP272487	PRJNA644061	SAMN15447128	Escherichia coli	AMPLICON	PCR	PAIRED	37617	Engineering regulatory networks for complex phenotypes in E. coli	Sensor_preselection		isobutanol_pre-selection_sensor					Microbe, viral or environmental			2019-10-24								USA					before isobutanol sensor condition						mixed culture		missing									
SRR12265272	SRP272487	PRJNA644061	SAMN15447127	Escherichia coli	AMPLICON	PCR	PAIRED	733186	Engineering regulatory networks for complex phenotypes in E. coli	IBA_postselection		isobutanol_post-selection					Microbe, viral or environmental			2019-09-12								USA					after isobutanol condition						mixed culture		missing									
SRR12265273	SRP272487	PRJNA644061	SAMN15447127	Escherichia coli	AMPLICON	PCR	PAIRED	874498	Engineering regulatory networks for complex phenotypes in E. coli	IBA_postselection		isobutanol_post-selection					Microbe, viral or environmental			2019-09-12								USA					after isobutanol condition						mixed culture		missing									
SRR12265274	SRP272487	PRJNA644061	SAMN15447127	Escherichia coli	AMPLICON	PCR	PAIRED	1067672	Engineering regulatory networks for complex phenotypes in E. coli	IBA_postselection		isobutanol_post-selection					Microbe, viral or environmental			2019-09-12								USA					after isobutanol condition						mixed culture		missing									
SRR12265275	SRP272487	PRJNA644061	SAMN15447127	Escherichia coli	AMPLICON	PCR	PAIRED	1202714	Engineering regulatory networks for complex phenotypes in E. coli	IBA_postselection		isobutanol_post-selection					Microbe, viral or environmental			2019-09-12								USA					after isobutanol condition						mixed culture		missing									
SRR12265276	SRP272487	PRJNA644061	SAMN15447127	Escherichia coli	AMPLICON	PCR	PAIRED	662421	Engineering regulatory networks for complex phenotypes in E. coli	IBA_postselection		isobutanol_post-selection					Microbe, viral or environmental			2019-09-12								USA					after isobutanol condition						mixed culture		missing									
SRR12265278	SRP272487	PRJNA644061	SAMN15447127	Escherichia coli	AMPLICON	PCR	PAIRED	638051	Engineering regulatory networks for complex phenotypes in E. coli	IBA_postselection		isobutanol_post-selection					Microbe, viral or environmental			2019-09-12								USA					after isobutanol condition						mixed culture		missing									
SRR12265279	SRP272487	PRJNA644061	SAMN15447127	Escherichia coli	AMPLICON	PCR	PAIRED	1341804	Engineering regulatory networks for complex phenotypes in E. coli	IBA_postselection		isobutanol_post-selection					Microbe, viral or environmental			2019-09-12								USA					after isobutanol condition						mixed culture		missing									
SRR12265280	SRP272487	PRJNA644061	SAMN15447126	Escherichia coli	AMPLICON	PCR	PAIRED	767028	Engineering regulatory networks for complex phenotypes in E. coli	IBA_preselection		isobutanol_pre-selection					Microbe, viral or environmental			2019-09-07								USA					before isobutanol condition						mixed culture		missing									
SRR12265281	SRP272487	PRJNA644061	SAMN15447126	Escherichia coli	AMPLICON	PCR	PAIRED	768444	Engineering regulatory networks for complex phenotypes in E. coli	IBA_preselection		isobutanol_pre-selection					Microbe, viral or environmental			2019-09-07								USA					before isobutanol condition						mixed culture		missing									
SRR14687189	SRP321884	PRJNA733673	SAMN19432077	Saccharomyces cerevisiae S288C	RNA-Seq	cDNA	SINGLE	9080136	Tryptophan plays a central role in yeast's tolerance to isobutanol	GSM5348134: 1. WT; Saccharomyces cerevisiae S288C; RNA-Seq	1. WT	GSM5348134															WT				No					1				Wild type								No		
SRR14687190	SRP321884	PRJNA733673	SAMN19432077	Saccharomyces cerevisiae S288C	RNA-Seq	cDNA	SINGLE	9203010	Tryptophan plays a central role in yeast's tolerance to isobutanol	GSM5348134: 1. WT; Saccharomyces cerevisiae S288C; RNA-Seq	1. WT	GSM5348134															WT				No					1				Wild type								No		
SRR14687191	SRP321884	PRJNA733673	SAMN19432076	Saccharomyces cerevisiae S288C	RNA-Seq	cDNA	SINGLE	9234861	Tryptophan plays a central role in yeast's tolerance to isobutanol	GSM5348135: 2. WT; Saccharomyces cerevisiae S288C; RNA-Seq	2. WT	GSM5348135															WT				No					2				Wild type								No		
SRR14687192	SRP321884	PRJNA733673	SAMN19432076	Saccharomyces cerevisiae S288C	RNA-Seq	cDNA	SINGLE	9365138	Tryptophan plays a central role in yeast's tolerance to isobutanol	GSM5348135: 2. WT; Saccharomyces cerevisiae S288C; RNA-Seq	2. WT	GSM5348135															WT				No					2				Wild type								No		
SRR14687193	SRP321884	PRJNA733673	SAMN19432075	Saccharomyces cerevisiae S288C	RNA-Seq	cDNA	SINGLE	9105404	Tryptophan plays a central role in yeast's tolerance to isobutanol	GSM5348136: 3. WT; Saccharomyces cerevisiae S288C; RNA-Seq	3. WT	GSM5348136															WT				No					3				Wild type								No		
SRR14687194	SRP321884	PRJNA733673	SAMN19432075	Saccharomyces cerevisiae S288C	RNA-Seq	cDNA	SINGLE	9223394	Tryptophan plays a central role in yeast's tolerance to isobutanol	GSM5348136: 3. WT; Saccharomyces cerevisiae S288C; RNA-Seq	3. WT	GSM5348136															WT				No					3				Wild type								No		
SRR14687195	SRP321884	PRJNA733673	SAMN19432074	Saccharomyces cerevisiae S288C	RNA-Seq	cDNA	SINGLE	9496212	Tryptophan plays a central role in yeast's tolerance to isobutanol	GSM5348137: 4. WT+Trp; Saccharomyces cerevisiae S288C; RNA-Seq	4. WT+Trp	GSM5348137															WT				No					1				Wild type								Yes		
SRR14687196	SRP321884	PRJNA733673	SAMN19432074	Saccharomyces cerevisiae S288C	RNA-Seq	cDNA	SINGLE	9622098	Tryptophan plays a central role in yeast's tolerance to isobutanol	GSM5348137: 4. WT+Trp; Saccharomyces cerevisiae S288C; RNA-Seq	4. WT+Trp	GSM5348137															WT				No					1				Wild type								Yes		
SRR14687197	SRP321884	PRJNA733673	SAMN19432073	Saccharomyces cerevisiae S288C	RNA-Seq	cDNA	SINGLE	8901509	Tryptophan plays a central role in yeast's tolerance to isobutanol	GSM5348138: 5. WT+Trp; Saccharomyces cerevisiae S288C; RNA-Seq	5. WT+Trp	GSM5348138															WT				No					2				Wild type								Yes		
SRR14687198	SRP321884	PRJNA733673	SAMN19432073	Saccharomyces cerevisiae S288C	RNA-Seq	cDNA	SINGLE	9030764	Tryptophan plays a central role in yeast's tolerance to isobutanol	GSM5348138: 5. WT+Trp; Saccharomyces cerevisiae S288C; RNA-Seq	5. WT+Trp	GSM5348138															WT				No					2				Wild type								Yes		
SRR14687199	SRP321884	PRJNA733673	SAMN19432072	Saccharomyces cerevisiae S288C	RNA-Seq	cDNA	SINGLE	8758725	Tryptophan plays a central role in yeast's tolerance to isobutanol	GSM5348139: 6. WT+Trp; Saccharomyces cerevisiae S288C; RNA-Seq	6. WT+Trp	GSM5348139															WT				No					3				Wild type								Yes		
SRR14687200	SRP321884	PRJNA733673	SAMN19432072	Saccharomyces cerevisiae S288C	RNA-Seq	cDNA	SINGLE	8860370	Tryptophan plays a central role in yeast's tolerance to isobutanol	GSM5348139: 6. WT+Trp; Saccharomyces cerevisiae S288C; RNA-Seq	6. WT+Trp	GSM5348139															WT				No					3				Wild type								Yes		
SRR14687201	SRP321884	PRJNA733673	SAMN19432071	Saccharomyces cerevisiae S288C	RNA-Seq	cDNA	SINGLE	9306805	Tryptophan plays a central role in yeast's tolerance to isobutanol	GSM5348140: 7. WT+IB; Saccharomyces cerevisiae S288C; RNA-Seq	7. WT+IB	GSM5348140															WT				Yes					1				Wild type								No		
SRR14687202	SRP321884	PRJNA733673	SAMN19432071	Saccharomyces cerevisiae S288C	RNA-Seq	cDNA	SINGLE	9443992	Tryptophan plays a central role in yeast's tolerance to isobutanol	GSM5348140: 7. WT+IB; Saccharomyces cerevisiae S288C; RNA-Seq	7. WT+IB	GSM5348140															WT				Yes					1				Wild type								No		
SRR14687203	SRP321884	PRJNA733673	SAMN19432070	Saccharomyces cerevisiae S288C	RNA-Seq	cDNA	SINGLE	8873002	Tryptophan plays a central role in yeast's tolerance to isobutanol	GSM5348141: 8. WT+IB; Saccharomyces cerevisiae S288C; RNA-Seq	8. WT+IB	GSM5348141															WT				Yes					2				Wild type								No		
SRR14687204	SRP321884	PRJNA733673	SAMN19432070	Saccharomyces cerevisiae S288C	RNA-Seq	cDNA	SINGLE	8992037	Tryptophan plays a central role in yeast's tolerance to isobutanol	GSM5348141: 8. WT+IB; Saccharomyces cerevisiae S288C; RNA-Seq	8. WT+IB	GSM5348141															WT				Yes					2				Wild type								No		
SRR14687205	SRP321884	PRJNA733673	SAMN19432069	Saccharomyces cerevisiae S288C	RNA-Seq	cDNA	SINGLE	6894428	Tryptophan plays a central role in yeast's tolerance to isobutanol	GSM5348142: 9. WT+IB; Saccharomyces cerevisiae S288C; RNA-Seq	9. WT+IB	GSM5348142															WT				Yes					3				Wild type								No		
SRR14687206	SRP321884	PRJNA733673	SAMN19432069	Saccharomyces cerevisiae S288C	RNA-Seq	cDNA	SINGLE	6990694	Tryptophan plays a central role in yeast's tolerance to isobutanol	GSM5348142: 9. WT+IB; Saccharomyces cerevisiae S288C; RNA-Seq	9. WT+IB	GSM5348142															WT				Yes					3				Wild type								No		
SRR14687207	SRP321884	PRJNA733673	SAMN19432068	Saccharomyces cerevisiae S288C	RNA-Seq	cDNA	SINGLE	7367087	Tryptophan plays a central role in yeast's tolerance to isobutanol	GSM5348143: 10. WT+Trp+IB; Saccharomyces cerevisiae S288C; RNA-Seq	10. WT+Trp+IB	GSM5348143															WT				Yes					1				Wild type								Yes		
SRR14687208	SRP321884	PRJNA733673	SAMN19432068	Saccharomyces cerevisiae S288C	RNA-Seq	cDNA	SINGLE	7461132	Tryptophan plays a central role in yeast's tolerance to isobutanol	GSM5348143: 10. WT+Trp+IB; Saccharomyces cerevisiae S288C; RNA-Seq	10. WT+Trp+IB	GSM5348143															WT				Yes					1				Wild type								Yes		
SRR14687209	SRP321884	PRJNA733673	SAMN19432067	Saccharomyces cerevisiae S288C	RNA-Seq	cDNA	SINGLE	7316517	Tryptophan plays a central role in yeast's tolerance to isobutanol	GSM5348144: 11. WT+Trp+IB; Saccharomyces cerevisiae S288C; RNA-Seq	11. WT+Trp+IB	GSM5348144															WT				Yes					2				Wild type								Yes		
SRR14687210	SRP321884	PRJNA733673	SAMN19432067	Saccharomyces cerevisiae S288C	RNA-Seq	cDNA	SINGLE	7411990	Tryptophan plays a central role in yeast's tolerance to isobutanol	GSM5348144: 11. WT+Trp+IB; Saccharomyces cerevisiae S288C; RNA-Seq	11. WT+Trp+IB	GSM5348144															WT				Yes					2				Wild type								Yes		
SRR14687211	SRP321884	PRJNA733673	SAMN19432066	Saccharomyces cerevisiae S288C	RNA-Seq	cDNA	SINGLE	6901235	Tryptophan plays a central role in yeast's tolerance to isobutanol	GSM5348145: 12. WT+Trp+IB; Saccharomyces cerevisiae S288C; RNA-Seq	12. WT+Trp+IB	GSM5348145															WT				Yes					3				Wild type								Yes		
SRR14687212	SRP321884	PRJNA733673	SAMN19432066	Saccharomyces cerevisiae S288C	RNA-Seq	cDNA	SINGLE	6992703	Tryptophan plays a central role in yeast's tolerance to isobutanol	GSM5348145: 12. WT+Trp+IB; Saccharomyces cerevisiae S288C; RNA-Seq	12. WT+Trp+IB	GSM5348145															WT				Yes					3				Wild type								Yes		
SRR14687213	SRP321884	PRJNA733673	SAMN19432065	Saccharomyces cerevisiae S288C	RNA-Seq	cDNA	SINGLE	6780382	Tryptophan plays a central role in yeast's tolerance to isobutanol	GSM5348146: 13. Sc12; Saccharomyces cerevisiae S288C; RNA-Seq	13. Sc12	GSM5348146															Tryptophan synthase (TRP5) defective				No					1				TRP5 defected strain								No		
SRR14687214	SRP321884	PRJNA733673	SAMN19432065	Saccharomyces cerevisiae S288C	RNA-Seq	cDNA	SINGLE	6871140	Tryptophan plays a central role in yeast's tolerance to isobutanol	GSM5348146: 13. Sc12; Saccharomyces cerevisiae S288C; RNA-Seq	13. Sc12	GSM5348146															Tryptophan synthase (TRP5) defective				No					1				TRP5 defected strain								No		
SRR14687215	SRP321884	PRJNA733673	SAMN19432064	Saccharomyces cerevisiae S288C	RNA-Seq	cDNA	SINGLE	6750065	Tryptophan plays a central role in yeast's tolerance to isobutanol	GSM5348147: 14. Sc12; Saccharomyces cerevisiae S288C; RNA-Seq	14. Sc12	GSM5348147															Tryptophan synthase (TRP5) defective				No					2				TRP5 defected strain								No		
SRR14687216	SRP321884	PRJNA733673	SAMN19432064	Saccharomyces cerevisiae S288C	RNA-Seq	cDNA	SINGLE	6805357	Tryptophan plays a central role in yeast's tolerance to isobutanol	GSM5348147: 14. Sc12; Saccharomyces cerevisiae S288C; RNA-Seq	14. Sc12	GSM5348147															Tryptophan synthase (TRP5) defective				No					2				TRP5 defected strain								No		
SRR14687217	SRP321884	PRJNA733673	SAMN19432756	Saccharomyces cerevisiae S288C	RNA-Seq	cDNA	SINGLE	8629012	Tryptophan plays a central role in yeast's tolerance to isobutanol	GSM5348148: 15. Sc12; Saccharomyces cerevisiae S288C; RNA-Seq	15. Sc12	GSM5348148															Tryptophan synthase (TRP5) defective				No					3				TRP5 defected strain								No		
SRR14687218	SRP321884	PRJNA733673	SAMN19432755	Saccharomyces cerevisiae S288C	RNA-Seq	cDNA	SINGLE	9208264	Tryptophan plays a central role in yeast's tolerance to isobutanol	GSM5348149: 16. Sc12+Trp; Saccharomyces cerevisiae S288C; RNA-Seq	16. Sc12+Trp	GSM5348149															Tryptophan synthase (TRP5) defective				No					1				TRP5 defected strain								Yes		
SRR14687219	SRP321884	PRJNA733673	SAMN19432754	Saccharomyces cerevisiae S288C	RNA-Seq	cDNA	SINGLE	7937950	Tryptophan plays a central role in yeast's tolerance to isobutanol	GSM5348150: 17. Sc12+Trp; Saccharomyces cerevisiae S288C; RNA-Seq	17. Sc12+Trp	GSM5348150															Tryptophan synthase (TRP5) defective				No					2				TRP5 defected strain								Yes		
SRR14687220	SRP321884	PRJNA733673	SAMN19432754	Saccharomyces cerevisiae S288C	RNA-Seq	cDNA	SINGLE	8056040	Tryptophan plays a central role in yeast's tolerance to isobutanol	GSM5348150: 17. Sc12+Trp; Saccharomyces cerevisiae S288C; RNA-Seq	17. Sc12+Trp	GSM5348150															Tryptophan synthase (TRP5) defective				No					2				TRP5 defected strain								Yes		
SRR14687221	SRP321884	PRJNA733673	SAMN19432084	Saccharomyces cerevisiae S288C	RNA-Seq	cDNA	SINGLE	7595228	Tryptophan plays a central role in yeast's tolerance to isobutanol	GSM5348151: 18. Sc12+Trp; Saccharomyces cerevisiae S288C; RNA-Seq	18. Sc12+Trp	GSM5348151															Tryptophan synthase (TRP5) defective				No					3				TRP5 defected strain								Yes		
SRR14687222	SRP321884	PRJNA733673	SAMN19432084	Saccharomyces cerevisiae S288C	RNA-Seq	cDNA	SINGLE	7647757	Tryptophan plays a central role in yeast's tolerance to isobutanol	GSM5348151: 18. Sc12+Trp; Saccharomyces cerevisiae S288C; RNA-Seq	18. Sc12+Trp	GSM5348151															Tryptophan synthase (TRP5) defective				No					3				TRP5 defected strain								Yes		
SRR14687223	SRP321884	PRJNA733673	SAMN19432083	Saccharomyces cerevisiae S288C	RNA-Seq	cDNA	SINGLE	7912165	Tryptophan plays a central role in yeast's tolerance to isobutanol	GSM5348152: 19. Sc12+IB; Saccharomyces cerevisiae S288C; RNA-Seq	19. Sc12+IB	GSM5348152															Tryptophan synthase (TRP5) defective				Yes					1				TRP5 defected strain								No		
SRR14687224	SRP321884	PRJNA733673	SAMN19432083	Saccharomyces cerevisiae S288C	RNA-Seq	cDNA	SINGLE	8014564	Tryptophan plays a central role in yeast's tolerance to isobutanol	GSM5348152: 19. Sc12+IB; Saccharomyces cerevisiae S288C; RNA-Seq	19. Sc12+IB	GSM5348152															Tryptophan synthase (TRP5) defective				Yes					1				TRP5 defected strain								No		
SRR14687225	SRP321884	PRJNA733673	SAMN19432082	Saccharomyces cerevisiae S288C	RNA-Seq	cDNA	SINGLE	7326679	Tryptophan plays a central role in yeast's tolerance to isobutanol	GSM5348153: 20. Sc12+IB; Saccharomyces cerevisiae S288C; RNA-Seq	20. Sc12+IB	GSM5348153															Tryptophan synthase (TRP5) defective				Yes					2				TRP5 defected strain								No		
SRR14687226	SRP321884	PRJNA733673	SAMN19432082	Saccharomyces cerevisiae S288C	RNA-Seq	cDNA	SINGLE	7426899	Tryptophan plays a central role in yeast's tolerance to isobutanol	GSM5348153: 20. Sc12+IB; Saccharomyces cerevisiae S288C; RNA-Seq	20. Sc12+IB	GSM5348153															Tryptophan synthase (TRP5) defective				Yes					2				TRP5 defected strain								No		
SRR14687227	SRP321884	PRJNA733673	SAMN19432081	Saccharomyces cerevisiae S288C	RNA-Seq	cDNA	SINGLE	7470757	Tryptophan plays a central role in yeast's tolerance to isobutanol	GSM5348154: 21. Sc12+IB; Saccharomyces cerevisiae S288C; RNA-Seq	21. Sc12+IB	GSM5348154															Tryptophan synthase (TRP5) defective				Yes					3				TRP5 defected strain								No		
SRR14687228	SRP321884	PRJNA733673	SAMN19432081	Saccharomyces cerevisiae S288C	RNA-Seq	cDNA	SINGLE	7578498	Tryptophan plays a central role in yeast's tolerance to isobutanol	GSM5348154: 21. Sc12+IB; Saccharomyces cerevisiae S288C; RNA-Seq	21. Sc12+IB	GSM5348154															Tryptophan synthase (TRP5) defective				Yes					3				TRP5 defected strain								No		
SRR14687229	SRP321884	PRJNA733673	SAMN19432080	Saccharomyces cerevisiae S288C	RNA-Seq	cDNA	SINGLE	7153638	Tryptophan plays a central role in yeast's tolerance to isobutanol	GSM5348155: 22. Sc12+Trp+IB; Saccharomyces cerevisiae S288C; RNA-Seq	22. Sc12+Trp+IB	GSM5348155															Tryptophan synthase (TRP5) defective				Yes					1				TRP5 defected strain								Yes		
SRR14687230	SRP321884	PRJNA733673	SAMN19432080	Saccharomyces cerevisiae S288C	RNA-Seq	cDNA	SINGLE	7248671	Tryptophan plays a central role in yeast's tolerance to isobutanol	GSM5348155: 22. Sc12+Trp+IB; Saccharomyces cerevisiae S288C; RNA-Seq	22. Sc12+Trp+IB	GSM5348155															Tryptophan synthase (TRP5) defective				Yes					1				TRP5 defected strain								Yes		
SRR14687231	SRP321884	PRJNA733673	SAMN19432079	Saccharomyces cerevisiae S288C	RNA-Seq	cDNA	SINGLE	6786879	Tryptophan plays a central role in yeast's tolerance to isobutanol	GSM5348156: 23. Sc12+Trp+IB; Saccharomyces cerevisiae S288C; RNA-Seq	23. Sc12+Trp+IB	GSM5348156															Tryptophan synthase (TRP5) defective				Yes					2				TRP5 defected strain								Yes		
SRR14687232	SRP321884	PRJNA733673	SAMN19432079	Saccharomyces cerevisiae S288C	RNA-Seq	cDNA	SINGLE	6889131	Tryptophan plays a central role in yeast's tolerance to isobutanol	GSM5348156: 23. Sc12+Trp+IB; Saccharomyces cerevisiae S288C; RNA-Seq	23. Sc12+Trp+IB	GSM5348156															Tryptophan synthase (TRP5) defective				Yes					2				TRP5 defected strain								Yes		
SRR14687233	SRP321884	PRJNA733673	SAMN19432078	Saccharomyces cerevisiae S288C	RNA-Seq	cDNA	SINGLE	7400930	Tryptophan plays a central role in yeast's tolerance to isobutanol	GSM5348157: 24. Sc12+Trp+IB; Saccharomyces cerevisiae S288C; RNA-Seq	24. Sc12+Trp+IB	GSM5348157															Tryptophan synthase (TRP5) defective				Yes					3				TRP5 defected strain								Yes		
SRR14687234	SRP321884	PRJNA733673	SAMN19432078	Saccharomyces cerevisiae S288C	RNA-Seq	cDNA	SINGLE	7517458	Tryptophan plays a central role in yeast's tolerance to isobutanol	GSM5348157: 24. Sc12+Trp+IB; Saccharomyces cerevisiae S288C; RNA-Seq	24. Sc12+Trp+IB	GSM5348157															Tryptophan synthase (TRP5) defective				Yes					3				TRP5 defected strain								Yes		
SRR16481343	SRP342112	PRJNA772701	SAMN22405060	Saccharomyces cerevisiae	RNA-Seq	cDNA	PAIRED	8601649	RNAseq of engineered S. cerevisiae strains for isobutanol production	GSM5638924: Y795 T14-1; Saccharomyces cerevisiae; RNA-Seq	Y795 T14-1	GSM5638924															CEN.PK113-5D URA3+									1				frozen stock				T14 - hour 26	T14 - hour 26					
SRR16481344	SRP342112	PRJNA772701	SAMN22405061	Saccharomyces cerevisiae	RNA-Seq	cDNA	PAIRED	5868367	RNAseq of engineered S. cerevisiae strains for isobutanol production	GSM5638925: Y795 T14-2; Saccharomyces cerevisiae; RNA-Seq	Y795 T14-2	GSM5638925															CEN.PK113-5D URA3+									2				frozen stock				T14 - hour 26	T14 - hour 26					
SRR16481345	SRP342112	PRJNA772701	SAMN22405062	Saccharomyces cerevisiae	RNA-Seq	cDNA	PAIRED	7185790	RNAseq of engineered S. cerevisiae strains for isobutanol production	GSM5638926: Y795 T14-3; Saccharomyces cerevisiae; RNA-Seq	Y795 T14-3	GSM5638926															CEN.PK113-5D URA3+									3				frozen stock				T14 - hour 26	T14 - hour 26					
SRR16481346	SRP342112	PRJNA772701	SAMN22405063	Saccharomyces cerevisiae	RNA-Seq	cDNA	PAIRED	6933175	RNAseq of engineered S. cerevisiae strains for isobutanol production	GSM5638927: Y797 T14-1; Saccharomyces cerevisiae; RNA-Seq	Y797 T14-1	GSM5638927															Y795 with HO::pADH1-ScILV2-tCYC1 _pPGK1-ScILV3-tTEF2_pTEF2CoxIV-LlAdhA29C8_tTDH3_pTDH3CovIV-ScARO10-tTEF1_pTEF1-ScILV5-tTUB1									1				frozen stock				T14 - hour 26	T14 - hour 26					
SRR16481347	SRP342112	PRJNA772701	SAMN22405064	Saccharomyces cerevisiae	RNA-Seq	cDNA	PAIRED	10692331	RNAseq of engineered S. cerevisiae strains for isobutanol production	GSM5638928: Y797 T14-2; Saccharomyces cerevisiae; RNA-Seq	Y797 T14-2	GSM5638928															Y795 with HO::pADH1-ScILV2-tCYC1 _pPGK1-ScILV3-tTEF2_pTEF2CoxIV-LlAdhA29C8_tTDH3_pTDH3CovIV-ScARO10-tTEF1_pTEF1-ScILV5-tTUB1									2				frozen stock				T14 - hour 26	T14 - hour 26					
SRR16481348	SRP342112	PRJNA772701	SAMN22405065	Saccharomyces cerevisiae	RNA-Seq	cDNA	PAIRED	5585170	RNAseq of engineered S. cerevisiae strains for isobutanol production	GSM5638929: Y797 T14-3; Saccharomyces cerevisiae; RNA-Seq	Y797 T14-3	GSM5638929															Y795 with HO::pADH1-ScILV2-tCYC1 _pPGK1-ScILV3-tTEF2_pTEF2CoxIV-LlAdhA29C8_tTDH3_pTDH3CovIV-ScARO10-tTEF1_pTEF1-ScILV5-tTUB1									3				frozen stock				T14 - hour 26	T14 - hour 26					
SRR16481349	SRP342112	PRJNA772701	SAMN22405066	Saccharomyces cerevisiae	RNA-Seq	cDNA	PAIRED	9180837	RNAseq of engineered S. cerevisiae strains for isobutanol production	GSM5638930: Y799 T14-1; Saccharomyces cerevisiae; RNA-Seq	Y799 T14-1	GSM5638930															Y795 with HO::pADH1-ScILV2N54-tCYC1 _pPGK1-ScILV3N19-tTEF2_pTEF2-LlAdhA29C8tTDH3_pTDH3-ScARO10-tTEF1_pTEF1-EcIlvC6E6-tTUB1									1				frozen stock				T14 - hour 26	T14 - hour 26					
SRR16481350	SRP342112	PRJNA772701	SAMN22405067	Saccharomyces cerevisiae	RNA-Seq	cDNA	PAIRED	6326088	RNAseq of engineered S. cerevisiae strains for isobutanol production	GSM5638931: Y799 T14-2; Saccharomyces cerevisiae; RNA-Seq	Y799 T14-2	GSM5638931															Y795 with HO::pADH1-ScILV2N54-tCYC1 _pPGK1-ScILV3N19-tTEF2_pTEF2-LlAdhA29C8tTDH3_pTDH3-ScARO10-tTEF1_pTEF1-EcIlvC6E6-tTUB1									2				frozen stock				T14 - hour 26	T14 - hour 26					
SRR16481351	SRP342112	PRJNA772701	SAMN22405068	Saccharomyces cerevisiae	RNA-Seq	cDNA	PAIRED	8160420	RNAseq of engineered S. cerevisiae strains for isobutanol production	GSM5638932: Y799 T14-3; Saccharomyces cerevisiae; RNA-Seq	Y799 T14-3	GSM5638932															Y795 with HO::pADH1-ScILV2N54-tCYC1 _pPGK1-ScILV3N19-tTEF2_pTEF2-LlAdhA29C8tTDH3_pTDH3-ScARO10-tTEF1_pTEF1-EcIlvC6E6-tTUB1									3				frozen stock				T14 - hour 26	T14 - hour 26					
SRR16481352	SRP342112	PRJNA772701	SAMN22405069	Saccharomyces cerevisiae	RNA-Seq	cDNA	PAIRED	7410365	RNAseq of engineered S. cerevisiae strains for isobutanol production	GSM5638933: Y812 T14-1; Saccharomyces cerevisiae; RNA-Seq	Y812 T14-1	GSM5638933															Y795 with HO::pADH1-ScILV2N54-tCYC1 _pPGK1-ScILV3N19-tTEF2_pTEF2-LlAdhA29C8tTDH3_pTDH3-ScARO10-tTEF1_pTEF1-ScILV5N48-tTUB1									1				frozen stock				T14 - hour 26	T14 - hour 26					
SRR16481353	SRP342112	PRJNA772701	SAMN22405070	Saccharomyces cerevisiae	RNA-Seq	cDNA	PAIRED	9511231	RNAseq of engineered S. cerevisiae strains for isobutanol production	GSM5638934: Y812 T14-2; Saccharomyces cerevisiae; RNA-Seq	Y812 T14-2	GSM5638934															Y795 with HO::pADH1-ScILV2N54-tCYC1 _pPGK1-ScILV3N19-tTEF2_pTEF2-LlAdhA29C8tTDH3_pTDH3-ScARO10-tTEF1_pTEF1-ScILV5N48-tTUB1									2				frozen stock				T14 - hour 26	T14 - hour 26					
SRR16481354	SRP342112	PRJNA772701	SAMN22405071	Saccharomyces cerevisiae	RNA-Seq	cDNA	PAIRED	11312879	RNAseq of engineered S. cerevisiae strains for isobutanol production	GSM5638935: Y795 T3-1; Saccharomyces cerevisiae; RNA-Seq	Y795 T3-1	GSM5638935															CEN.PK113-5D URA3+									1				frozen stock				T3 - hour 4	T3 - hour 4					
SRR16481355	SRP342112	PRJNA772701	SAMN22405076	Saccharomyces cerevisiae	RNA-Seq	cDNA	PAIRED	6178715	RNAseq of engineered S. cerevisiae strains for isobutanol production	GSM5638936: Y795 T3-2; Saccharomyces cerevisiae; RNA-Seq	Y795 T3-2	GSM5638936															CEN.PK113-5D URA3+									2				frozen stock				T3 - hour 4	T3 - hour 4					
SRR16481356	SRP342112	PRJNA772701	SAMN22405077	Saccharomyces cerevisiae	RNA-Seq	cDNA	PAIRED	6134592	RNAseq of engineered S. cerevisiae strains for isobutanol production	GSM5638937: Y795 T3-3; Saccharomyces cerevisiae; RNA-Seq	Y795 T3-3	GSM5638937															CEN.PK113-5D URA3+									3				frozen stock				T3 - hour 4	T3 - hour 4					
SRR16481357	SRP342112	PRJNA772701	SAMN22405043	Saccharomyces cerevisiae	RNA-Seq	cDNA	PAIRED	8345150	RNAseq of engineered S. cerevisiae strains for isobutanol production	GSM5638938: Y797 T3-1; Saccharomyces cerevisiae; RNA-Seq	Y797 T3-1	GSM5638938															Y795 with HO::pADH1-ScILV2-tCYC1 _pPGK1-ScILV3-tTEF2_pTEF2CoxIV-LlAdhA29C8_tTDH3_pTDH3CovIV-ScARO10-tTEF1_pTEF1-ScILV5-tTUB1									1				frozen stock				T3 - hour 4	T3 - hour 4					
SRR16481358	SRP342112	PRJNA772701	SAMN22405044	Saccharomyces cerevisiae	RNA-Seq	cDNA	PAIRED	11005227	RNAseq of engineered S. cerevisiae strains for isobutanol production	GSM5638939: Y797 T3-2; Saccharomyces cerevisiae; RNA-Seq	Y797 T3-2	GSM5638939															Y795 with HO::pADH1-ScILV2-tCYC1 _pPGK1-ScILV3-tTEF2_pTEF2CoxIV-LlAdhA29C8_tTDH3_pTDH3CovIV-ScARO10-tTEF1_pTEF1-ScILV5-tTUB1									2				frozen stock				T3 - hour 4	T3 - hour 4					
SRR16481359	SRP342112	PRJNA772701	SAMN22405072	Saccharomyces cerevisiae	RNA-Seq	cDNA	PAIRED	8045931	RNAseq of engineered S. cerevisiae strains for isobutanol production	GSM5638940: Y797 T3-3; Saccharomyces cerevisiae; RNA-Seq	Y797 T3-3	GSM5638940															Y795 with HO::pADH1-ScILV2-tCYC1 _pPGK1-ScILV3-tTEF2_pTEF2CoxIV-LlAdhA29C8_tTDH3_pTDH3CovIV-ScARO10-tTEF1_pTEF1-ScILV5-tTUB1									3				frozen stock				T3 - hour 4	T3 - hour 4					
SRR16481360	SRP342112	PRJNA772701	SAMN22405073	Saccharomyces cerevisiae	RNA-Seq	cDNA	PAIRED	10629019	RNAseq of engineered S. cerevisiae strains for isobutanol production	GSM5638941: Y799 T3-1; Saccharomyces cerevisiae; RNA-Seq	Y799 T3-1	GSM5638941															Y795 with HO::pADH1-ScILV2N54-tCYC1 _pPGK1-ScILV3N19-tTEF2_pTEF2-LlAdhA29C8tTDH3_pTDH3-ScARO10-tTEF1_pTEF1-EcIlvC6E6-tTUB1									1				frozen stock				T3 - hour 4	T3 - hour 4					
SRR16481361	SRP342112	PRJNA772701	SAMN22405074	Saccharomyces cerevisiae	RNA-Seq	cDNA	PAIRED	6708087	RNAseq of engineered S. cerevisiae strains for isobutanol production	GSM5638942: Y799 T3-3; Saccharomyces cerevisiae; RNA-Seq	Y799 T3-3	GSM5638942															Y795 with HO::pADH1-ScILV2N54-tCYC1 _pPGK1-ScILV3N19-tTEF2_pTEF2-LlAdhA29C8tTDH3_pTDH3-ScARO10-tTEF1_pTEF1-EcIlvC6E6-tTUB1									3				frozen stock				T3 - hour 4	T3 - hour 4					
SRR16481362	SRP342112	PRJNA772701	SAMN22405075	Saccharomyces cerevisiae	RNA-Seq	cDNA	PAIRED	6881545	RNAseq of engineered S. cerevisiae strains for isobutanol production	GSM5638943: Y812 T3-1; Saccharomyces cerevisiae; RNA-Seq	Y812 T3-1	GSM5638943															Y795 with HO::pADH1-ScILV2N54-tCYC1 _pPGK1-ScILV3N19-tTEF2_pTEF2-LlAdhA29C8tTDH3_pTDH3-ScARO10-tTEF1_pTEF1-ScILV5N48-tTUB1									1				frozen stock				T3 - hour 4	T3 - hour 4					
SRR16481363	SRP342112	PRJNA772701	SAMN22405046	Saccharomyces cerevisiae	RNA-Seq	cDNA	PAIRED	7151975	RNAseq of engineered S. cerevisiae strains for isobutanol production	GSM5638944: Y812 T3-2; Saccharomyces cerevisiae; RNA-Seq	Y812 T3-2	GSM5638944															Y795 with HO::pADH1-ScILV2N54-tCYC1 _pPGK1-ScILV3N19-tTEF2_pTEF2-LlAdhA29C8tTDH3_pTDH3-ScARO10-tTEF1_pTEF1-ScILV5N48-tTUB1									2				frozen stock				T3 - hour 4	T3 - hour 4					
SRR16481364	SRP342112	PRJNA772701	SAMN22405047	Saccharomyces cerevisiae	RNA-Seq	cDNA	PAIRED	7003132	RNAseq of engineered S. cerevisiae strains for isobutanol production	GSM5638945: Y812 T3-3; Saccharomyces cerevisiae; RNA-Seq	Y812 T3-3	GSM5638945															Y795 with HO::pADH1-ScILV2N54-tCYC1 _pPGK1-ScILV3N19-tTEF2_pTEF2-LlAdhA29C8tTDH3_pTDH3-ScARO10-tTEF1_pTEF1-ScILV5N48-tTUB1									3				frozen stock				T3 - hour 4	T3 - hour 4					
SRR16481365	SRP342112	PRJNA772701	SAMN22405048	Saccharomyces cerevisiae	RNA-Seq	cDNA	PAIRED	7824493	RNAseq of engineered S. cerevisiae strains for isobutanol production	GSM5638946: Y795 T6-1; Saccharomyces cerevisiae; RNA-Seq	Y795 T6-1	GSM5638946															CEN.PK113-5D URA3+									1				frozen stock				T6 - hour 10	T6 - hour 10					
SRR16481366	SRP342112	PRJNA772701	SAMN22405049	Saccharomyces cerevisiae	RNA-Seq	cDNA	PAIRED	10149195	RNAseq of engineered S. cerevisiae strains for isobutanol production	GSM5638947: Y795 T6-2; Saccharomyces cerevisiae; RNA-Seq	Y795 T6-2	GSM5638947															CEN.PK113-5D URA3+									2				frozen stock				T6 - hour 10	T6 - hour 10					
SRR16481367	SRP342112	PRJNA772701	SAMN22405050	Saccharomyces cerevisiae	RNA-Seq	cDNA	PAIRED	7761869	RNAseq of engineered S. cerevisiae strains for isobutanol production	GSM5638948: Y795 T6-3; Saccharomyces cerevisiae; RNA-Seq	Y795 T6-3	GSM5638948															CEN.PK113-5D URA3+									3				frozen stock				T6 - hour 10	T6 - hour 10					
SRR16481368	SRP342112	PRJNA772701	SAMN22405051	Saccharomyces cerevisiae	RNA-Seq	cDNA	PAIRED	11291853	RNAseq of engineered S. cerevisiae strains for isobutanol production	GSM5638949: Y797 T6-1; Saccharomyces cerevisiae; RNA-Seq	Y797 T6-1	GSM5638949															Y795 with HO::pADH1-ScILV2-tCYC1 _pPGK1-ScILV3-tTEF2_pTEF2CoxIV-LlAdhA29C8_tTDH3_pTDH3CovIV-ScARO10-tTEF1_pTEF1-ScILV5-tTUB1									1				frozen stock				T6 - hour 10	T6 - hour 10					
SRR16481369	SRP342112	PRJNA772701	SAMN22405052	Saccharomyces cerevisiae	RNA-Seq	cDNA	PAIRED	8418260	RNAseq of engineered S. cerevisiae strains for isobutanol production	GSM5638950: Y797 T6-2; Saccharomyces cerevisiae; RNA-Seq	Y797 T6-2	GSM5638950															Y795 with HO::pADH1-ScILV2-tCYC1 _pPGK1-ScILV3-tTEF2_pTEF2CoxIV-LlAdhA29C8_tTDH3_pTDH3CovIV-ScARO10-tTEF1_pTEF1-ScILV5-tTUB1									2				frozen stock				T6 - hour 10	T6 - hour 10					
SRR16481370	SRP342112	PRJNA772701	SAMN22405053	Saccharomyces cerevisiae	RNA-Seq	cDNA	PAIRED	10148626	RNAseq of engineered S. cerevisiae strains for isobutanol production	GSM5638951: Y797 T6-3; Saccharomyces cerevisiae; RNA-Seq	Y797 T6-3	GSM5638951															Y795 with HO::pADH1-ScILV2-tCYC1 _pPGK1-ScILV3-tTEF2_pTEF2CoxIV-LlAdhA29C8_tTDH3_pTDH3CovIV-ScARO10-tTEF1_pTEF1-ScILV5-tTUB1									3				frozen stock				T6 - hour 10	T6 - hour 10					
SRR16481371	SRP342112	PRJNA772701	SAMN22405054	Saccharomyces cerevisiae	RNA-Seq	cDNA	PAIRED	8077951	RNAseq of engineered S. cerevisiae strains for isobutanol production	GSM5638952: Y799 T6-1; Saccharomyces cerevisiae; RNA-Seq	Y799 T6-1	GSM5638952															Y795 with HO::pADH1-ScILV2N54-tCYC1 _pPGK1-ScILV3N19-tTEF2_pTEF2-LlAdhA29C8tTDH3_pTDH3-ScARO10-tTEF1_pTEF1-EcIlvC6E6-tTUB1									1				frozen stock				T6 - hour 10	T6 - hour 10					
SRR16481372	SRP342112	PRJNA772701	SAMN22405056	Saccharomyces cerevisiae	RNA-Seq	cDNA	PAIRED	9384543	RNAseq of engineered S. cerevisiae strains for isobutanol production	GSM5638953: Y799 T6-2; Saccharomyces cerevisiae; RNA-Seq	Y799 T6-2	GSM5638953															Y795 with HO::pADH1-ScILV2N54-tCYC1 _pPGK1-ScILV3N19-tTEF2_pTEF2-LlAdhA29C8tTDH3_pTDH3-ScARO10-tTEF1_pTEF1-EcIlvC6E6-tTUB1									2				frozen stock				T6 - hour 10	T6 - hour 10					
SRR16481373	SRP342112	PRJNA772701	SAMN22405057	Saccharomyces cerevisiae	RNA-Seq	cDNA	PAIRED	7434529	RNAseq of engineered S. cerevisiae strains for isobutanol production	GSM5638954: Y799 T6-3; Saccharomyces cerevisiae; RNA-Seq	Y799 T6-3	GSM5638954															Y795 with HO::pADH1-ScILV2N54-tCYC1 _pPGK1-ScILV3N19-tTEF2_pTEF2-LlAdhA29C8tTDH3_pTDH3-ScARO10-tTEF1_pTEF1-EcIlvC6E6-tTUB1									3				frozen stock				T6 - hour 10	T6 - hour 10					
SRR16481374	SRP342112	PRJNA772701	SAMN22405058	Saccharomyces cerevisiae	RNA-Seq	cDNA	PAIRED	14163981	RNAseq of engineered S. cerevisiae strains for isobutanol production	GSM5638955: Y812 T6-1; Saccharomyces cerevisiae; RNA-Seq	Y812 T6-1	GSM5638955															Y795 with HO::pADH1-ScILV2N54-tCYC1 _pPGK1-ScILV3N19-tTEF2_pTEF2-LlAdhA29C8tTDH3_pTDH3-ScARO10-tTEF1_pTEF1-ScILV5N48-tTUB1									1				frozen stock				T6 - hour 10	T6 - hour 10					
SRR16481375	SRP342112	PRJNA772701	SAMN22405059	Saccharomyces cerevisiae	RNA-Seq	cDNA	PAIRED	8813710	RNAseq of engineered S. cerevisiae strains for isobutanol production	GSM5638956: Y812 T6-2; Saccharomyces cerevisiae; RNA-Seq	Y812 T6-2	GSM5638956															Y795 with HO::pADH1-ScILV2N54-tCYC1 _pPGK1-ScILV3N19-tTEF2_pTEF2-LlAdhA29C8tTDH3_pTDH3-ScARO10-tTEF1_pTEF1-ScILV5N48-tTUB1									2				frozen stock				T6 - hour 10	T6 - hour 10					
SRR16642818	SRP343868	PRJNA776529	SAMN22794390	Saccharomyces cerevisiae	OTHER	other	SINGLE	1772939	Comparative chemical-genomic profiling of plant-based hydrolysate toxins enables predictive assessment of responses to complex mixtures	GSM5662675: IBA_CG005_rep3; Saccharomyces cerevisiae; OTHER	IBA_CG005_rep3	GSM5662675			1x SynBase								Control1_CG005	Control3_CG005		ChemGen005														3DeltaAlpha strains pool, 0.75% IBA, replicate 3	3DeltaAlpha						0.75% Isobutanol (IBA)			
SRR16642820	SRP343868	PRJNA776529	SAMN22794391	Saccharomyces cerevisiae	OTHER	other	SINGLE	1929793	Comparative chemical-genomic profiling of plant-based hydrolysate toxins enables predictive assessment of responses to complex mixtures	GSM5662674: IBA_CG004_rep2; Saccharomyces cerevisiae; OTHER	IBA_CG004_rep2	GSM5662674			1x SynBase								Control2_CG004	Control3_CG004		ChemGen004														3DeltaAlpha strains pool, 0.75% IBA, replicate 2	3DeltaAlpha						0.75% Isobutanol (IBA)			
SRR16642822	SRP343868	PRJNA776529	SAMN22794392	Saccharomyces cerevisiae	OTHER	other	SINGLE	2235022	Comparative chemical-genomic profiling of plant-based hydrolysate toxins enables predictive assessment of responses to complex mixtures	GSM5662673: IBA_CG003_rep1; Saccharomyces cerevisiae; OTHER	IBA_CG003_rep1	GSM5662673			1x SynBase								Control2_CG003	Control3_CG003		ChemGen003														3DeltaAlpha strains pool, 0.75% IBA, replicate 1	3DeltaAlpha						0.75% Isobutanol (IBA)			
SRR18678323	SRP368097	PRJNA824516	SAMN27406439	Escherichia coli str. K-12 substr. MG1655	OTHER	other	PAIRED	386651	Deep sequencing and fitness calculation for plasmids carrying the CREATE cassette from the enriched tolerant strains under different pressures by using Illumina protocol	GSM6033850: Isobutanol; Escherichia coli str. K-12 substr. MG1655; OTHER	Isobutanol	GSM6033850								missing								missing												Escherichia coli	K-12	MG1655					PCR		plasmids	
SRR18678324	SRP368097	PRJNA824516	SAMN27406439	Escherichia coli str. K-12 substr. MG1655	OTHER	other	PAIRED	357354	Deep sequencing and fitness calculation for plasmids carrying the CREATE cassette from the enriched tolerant strains under different pressures by using Illumina protocol	GSM6033850: Isobutanol; Escherichia coli str. K-12 substr. MG1655; OTHER	Isobutanol	GSM6033850								missing								missing												Escherichia coli	K-12	MG1655					PCR		plasmids	
SRR18678325	SRP368097	PRJNA824516	SAMN27406439	Escherichia coli str. K-12 substr. MG1655	OTHER	other	PAIRED	363758	Deep sequencing and fitness calculation for plasmids carrying the CREATE cassette from the enriched tolerant strains under different pressures by using Illumina protocol	GSM6033850: Isobutanol; Escherichia coli str. K-12 substr. MG1655; OTHER	Isobutanol	GSM6033850								missing								missing												Escherichia coli	K-12	MG1655					PCR		plasmids	
SRR18678326	SRP368097	PRJNA824516	SAMN27406439	Escherichia coli str. K-12 substr. MG1655	OTHER	other	PAIRED	47175	Deep sequencing and fitness calculation for plasmids carrying the CREATE cassette from the enriched tolerant strains under different pressures by using Illumina protocol	GSM6033850: Isobutanol; Escherichia coli str. K-12 substr. MG1655; OTHER	Isobutanol	GSM6033850								missing								missing												Escherichia coli	K-12	MG1655					PCR		plasmids	
SRR29711603	SRP518086	PRJNA1132130	SAMN42330602	Escherichia coli str. K-12 substr. MG1655	RNA-Seq	cDNA	PAIRED	15562547	Altering the sigma D factor of RNA polymerase and thereby improving the tolerance of E. coli strains to isobutanol.	RNA-Seq of E. coli MG1655 in solvent stress medium		M_2b					Microbe, viral or environmental			2021-11								China: Beijing		Homo sapiens		MG1655 grew in the condition of solvent stress, replicate 2							cell culture		K12 MG1655	MG1655								
SRR29711604	SRP518086	PRJNA1132130	SAMN42330601	Escherichia coli str. K-12 substr. MG1655	RNA-Seq	cDNA	PAIRED	17529576	Altering the sigma D factor of RNA polymerase and thereby improving the tolerance of E. coli strains to isobutanol.	RNA-Seq of E. coli MG1655 in solvent stress medium		M_1a					Microbe, viral or environmental			2021-11								China: Beijing		Homo sapiens		MG1655 grew in the condition of solvent stress, replicate 1							cell culture		K12 MG1655	MG1655								
SRR29711605	SRP518086	PRJNA1132130	SAMN42330600	Escherichia coli str. K-12 substr. MG1655	RNA-Seq	cDNA	PAIRED	18801268	Altering the sigma D factor of RNA polymerase and thereby improving the tolerance of E. coli strains to isobutanol.	RNA-Seq of E. coli MG1655 in LB media		CK_2					Microbe, viral or environmental			2021-11								China: Beijing		Homo sapiens		MG1655 grew in the LB media, replicate 2							cell culture		K12 MG1655	MG1655								
SRR29711606	SRP518086	PRJNA1132130	SAMN42330599	Escherichia coli str. K-12 substr. MG1655	RNA-Seq	cDNA	PAIRED	18511521	Altering the sigma D factor of RNA polymerase and thereby improving the tolerance of E. coli strains to isobutanol.	RNA-Seq of E. coli MG1655 in LB media		CK_1					Microbe, viral or environmental			2021-11								China: Beijing		Homo sapiens		MG1655 grew in the LB media, replicate 1							cell culture		K12 MG1655	MG1655								
SRR29711607	SRP518086	PRJNA1132130	SAMN42330598	Escherichia coli str. K-12 substr. MG1655	RNA-Seq	cDNA	PAIRED	16580124	Altering the sigma D factor of RNA polymerase and thereby improving the tolerance of E. coli strains to isobutanol.	RNA-Seq of E. coli MG1655 with D-33 in solvent stress medium		B_33					Microbe, viral or environmental			2021-11								China: Beijing		Homo sapiens		MG1655 with rpoD-33 grew in the condition of solvent stress, replicate 2							cell culture		K12 MG1655	MG1655								
SRR29711608	SRP518086	PRJNA1132130	SAMN42330597	Escherichia coli str. K-12 substr. MG1655	RNA-Seq	cDNA	PAIRED	12524845	Altering the sigma D factor of RNA polymerase and thereby improving the tolerance of E. coli strains to isobutanol.	RNA-Seq of E. coli MG1655 with D-33 in solvent stress medium		A_33					Microbe, viral or environmental			2021-11								China: Beijing		Homo sapiens		MG1655 with rpoD-33 grew in the condition of solvent stress, replicate 1							cell culture		K12 MG1655	MG1655								
SRR33767555	SRP588897	PRJNA1270032	SAMN48810509	Zymomonas mobilis subsp. mobilis ZM4 = ATCC 31821	Tn-Seq	PCR	SINGLE	7345196	Tn-seq chemical genomics in Zymomonas mobilis	Tn-seq of Zymomonas mobilis ZM4 in Isobutanol 7 5%. Replicate B	Isobutanol.7.5% Replicate B	Isobutanol.7.5%_B					Microbe, viral or environmental			not applicable							WT conjugated with pRL27	not applicable		not applicable			not applicable	G00015626				Isobutanol.7.5%_Rep_B	DNA		PK15455		30C							
SRR33767556	SRP588897	PRJNA1270032	SAMN48810493	Zymomonas mobilis subsp. mobilis ZM4 = ATCC 31821	Tn-Seq	PCR	SINGLE	6836599	Tn-seq chemical genomics in Zymomonas mobilis	Tn-seq of Zymomonas mobilis ZM4 in Isobutanol 7 5%. Replicate A	Isobutanol.7.5% Replicate A	Isobutanol.7.5%_A					Microbe, viral or environmental			not applicable							WT conjugated with pRL27	not applicable		not applicable			not applicable	G00014529				Isobutanol.7.5%_Rep_A	DNA		PK15455		30C							
SRR33767557	SRP588897	PRJNA1270032	SAMN48810506	Zymomonas mobilis subsp. mobilis ZM4 = ATCC 31821	Tn-Seq	PCR	SINGLE	9675737	Tn-seq chemical genomics in Zymomonas mobilis	Tn-seq of Zymomonas mobilis ZM4 in Isobutanol 5%. Replicate B	Isobutanol.5% Replicate B	Isobutanol.5%_B					Microbe, viral or environmental			not applicable							WT conjugated with pRL27	not applicable		not applicable			not applicable	G00015619				Isobutanol.5%_Rep_B	DNA		PK15455		30C							
SRR33767558	SRP588897	PRJNA1270032	SAMN48810489	Zymomonas mobilis subsp. mobilis ZM4 = ATCC 31821	Tn-Seq	PCR	SINGLE	9295093	Tn-seq chemical genomics in Zymomonas mobilis	Tn-seq of Zymomonas mobilis ZM4 in Isobutanol 5%. Replicate A	Isobutanol.5% Replicate A	Isobutanol.5%_A					Microbe, viral or environmental			not applicable							WT conjugated with pRL27	not applicable		not applicable			not applicable	G00014557				Isobutanol.5%_Rep_A	DNA		PK15455		30C							
SRR33767559	SRP588897	PRJNA1270032	SAMN48810513	Zymomonas mobilis subsp. mobilis ZM4 = ATCC 31821	Tn-Seq	PCR	SINGLE	9919889	Tn-seq chemical genomics in Zymomonas mobilis	Tn-seq of Zymomonas mobilis ZM4 in Isobutanol 10%. Replicate B	Isobutanol.10% Replicate B	Isobutanol.10%_B					Microbe, viral or environmental			not applicable							WT conjugated with pRL27	not applicable		not applicable			not applicable	G00015736				Isobutanol.10%_Rep_B	DNA		PK15455		30C							
SRR33767560	SRP588897	PRJNA1270032	SAMN48810497	Zymomonas mobilis subsp. mobilis ZM4 = ATCC 31821	Tn-Seq	PCR	SINGLE	6622437	Tn-seq chemical genomics in Zymomonas mobilis	Tn-seq of Zymomonas mobilis ZM4 in Isobutanol 10%. Replicate A	Isobutanol.10% Replicate A	Isobutanol.10%_A					Microbe, viral or environmental			not applicable							WT conjugated with pRL27	not applicable		not applicable			not applicable	G00014547				Isobutanol.10%_Rep_A	DNA		PK15455		30C							
SRR33767561	SRP588897	PRJNA1270032	SAMN48810501	Zymomonas mobilis subsp. mobilis ZM4 = ATCC 31821	Tn-Seq	PCR	SINGLE	10725601	Tn-seq chemical genomics in Zymomonas mobilis	Tn-seq of Zymomonas mobilis ZM4 in Isobutanol 1 25%. Replicate B	Isobutanol.1.25% Replicate B	Isobutanol.1.25%_B					Microbe, viral or environmental			not applicable							WT conjugated with pRL27	not applicable		not applicable			not applicable	G00015623				Isobutanol.1.25%_Rep_B	DNA		PK15455		30C							
SRR33767563	SRP588897	PRJNA1270032	SAMN48810484	Zymomonas mobilis subsp. mobilis ZM4 = ATCC 31821	Tn-Seq	PCR	SINGLE	7007634	Tn-seq chemical genomics in Zymomonas mobilis	Tn-seq of Zymomonas mobilis ZM4 in Isobutanol 1 25%. Replicate A	Isobutanol.1.25% Replicate A	Isobutanol.1.25%_A					Microbe, viral or environmental			not applicable							WT conjugated with pRL27	not applicable		not applicable			not applicable	G00014553				Isobutanol.1.25%_Rep_A	DNA		PK15455		30C							
SRR33968977	SRP591874	PRJNA1276497	SAMN49074122	Zymomonas mobilis subsp. mobilis ZM4 = ATCC 31821	OTHER	PCR	PAIRED	37309339	CRISPRi chemical genomics in Zymomonas mobilis	CRISPRi in Zymomonas mobilis ZM4: Isobutanol 1.25% rep 1	CRISPRi in Zymomonas mobilis ZM4: Isobutanol 1.25% rep 1	P16.2_A4_B				Jason Peters Lab	Microbe, viral or environmental		Eckmann and Enright Steinberger et al., UW-Madison	not applicable								missing: lab stock		not applicable		sJMP2618, sJMP2619 & sJMP2620 libraries	not applicable					P16.2_A4_B	CRISPRi library		ZM4		30C							
SRR33968978	SRP591874	PRJNA1276497	SAMN49074121	Zymomonas mobilis subsp. mobilis ZM4 = ATCC 31821	OTHER	PCR	PAIRED	43412873	CRISPRi chemical genomics in Zymomonas mobilis	CRISPRi in Zymomonas mobilis ZM4: Isobutanol 5% rep 1	CRISPRi in Zymomonas mobilis ZM4: Isobutanol 5% rep 1	P16.2_B4_B				Jason Peters Lab	Microbe, viral or environmental		Eckmann and Enright Steinberger et al., UW-Madison	not applicable								missing: lab stock		not applicable		sJMP2618, sJMP2619 & sJMP2620 libraries	not applicable					P16.2_B4_B	CRISPRi library		ZM4		30C							
SRR33969001	SRP591874	PRJNA1276497	SAMN49074141	Zymomonas mobilis subsp. mobilis ZM4 = ATCC 31821	OTHER	PCR	PAIRED	35592430	CRISPRi chemical genomics in Zymomonas mobilis	CRISPRi in Zymomonas mobilis ZM4: Isobutanol 5% rep 2	CRISPRi in Zymomonas mobilis ZM4: Isobutanol 5% rep 2	P35.2_B4_B				Jason Peters Lab	Microbe, viral or environmental		Eckmann and Enright Steinberger et al., UW-Madison	not applicable								missing: lab stock		not applicable		sJMP2618, sJMP2619 & sJMP2620 libraries	not applicable					P35.2_B4_B	CRISPRi library		ZM4		30C							
SRR33969006	SRP591874	PRJNA1276497	SAMN49074136	Zymomonas mobilis subsp. mobilis ZM4 = ATCC 31821	OTHER	PCR	PAIRED	38292297	CRISPRi chemical genomics in Zymomonas mobilis	CRISPRi in Zymomonas mobilis ZM4: Isobutanol 1.25% rep 2	CRISPRi in Zymomonas mobilis ZM4: Isobutanol 1.25% rep 2	P35.2_A4_B				Jason Peters Lab	Microbe, viral or environmental		Eckmann and Enright Steinberger et al., UW-Madison	not applicable								missing: lab stock		not applicable		sJMP2618, sJMP2619 & sJMP2620 libraries	not applicable					P35.2_A4_B	CRISPRi library		ZM4		30C							
SRR33969011	SRP591874	PRJNA1276497	SAMN49074132	Zymomonas mobilis subsp. mobilis ZM4 = ATCC 31821	OTHER	PCR	PAIRED	38924901	CRISPRi chemical genomics in Zymomonas mobilis	CRISPRi in Zymomonas mobilis ZM4: Isobutanol 7.5% rep 2	CRISPRi in Zymomonas mobilis ZM4: Isobutanol 7.5% rep 2	P35.2_C4_B				Jason Peters Lab	Microbe, viral or environmental		Eckmann and Enright Steinberger et al., UW-Madison	not applicable								missing: lab stock		not applicable		sJMP2618, sJMP2619 & sJMP2620 libraries	not applicable					P35.2_C4_B	CRISPRi library		ZM4		30C							
SRR33969016	SRP591874	PRJNA1276497	SAMN49074127	Zymomonas mobilis subsp. mobilis ZM4 = ATCC 31821	OTHER	PCR	PAIRED	35339827	CRISPRi chemical genomics in Zymomonas mobilis	CRISPRi in Zymomonas mobilis ZM4: Isobutanol 7.5% rep 1	CRISPRi in Zymomonas mobilis ZM4: Isobutanol 7.5% rep 1	P16.2_C4_B				Jason Peters Lab	Microbe, viral or environmental		Eckmann and Enright Steinberger et al., UW-Madison	not applicable								missing: lab stock		not applicable		sJMP2618, sJMP2619 & sJMP2620 libraries	not applicable					P16.2_C4_B	CRISPRi library		ZM4		30C							
SRR6370305	SRP126584	PRJNA422127	SAMN08166015	Lactococcus cremoris	RNA-Seq	cDNA	PAIRED	18372704	Designing of Lactococcus lactis platform for isobutanol production using multiple rounds of adaptive laboratory evolution	GSM2886449: WT/rep1; Lactococcus lactis subsp. cremoris; RNA-Seq	WT/rep1	GSM2886449													late log phase															bacterial cell	wild type									
SRR6370306	SRP126584	PRJNA422127	SAMN08166016	Lactococcus cremoris	RNA-Seq	cDNA	PAIRED	23351651	Designing of Lactococcus lactis platform for isobutanol production using multiple rounds of adaptive laboratory evolution	GSM2886450: WTD/WT rep2; Lactococcus lactis subsp. cremoris; RNA-Seq	WTD/WT rep2	GSM2886450													late log phase															bacterial cell	wild type									
SRR6370307	SRP126584	PRJNA422127	SAMN08166017	Lactococcus cremoris	RNA-Seq	cDNA	PAIRED	7974096	Designing of Lactococcus lactis platform for isobutanol production using multiple rounds of adaptive laboratory evolution	GSM2886451: 4B0 rep1; Lactococcus lactis subsp. cremoris; RNA-Seq	4B0 rep1	GSM2886451													late log phase															bacterial cell	4% isobutanol tolerant									
SRR6903496	SRP126584	PRJNA422127	SAMN08800371	Lactococcus cremoris	RNA-Seq	cDNA	PAIRED	19923151	Designing of Lactococcus lactis platform for isobutanol production using multiple rounds of adaptive laboratory evolution	GSM3068949: 4B4 rep1; Lactococcus lactis subsp. cremoris; RNA-Seq	4B4 rep1	GSM3068949													late log phase															bacterial cell	4% isobutanol tolerant									
SRR7009342	SRP140506	PRJNA450392	SAMN08937573	Escherichia coli	AMPLICON	PCR	PAIRED	18306296	CRISPRi pooled screening based functional genomics method in bacteria	GW_isobutanol_R2		GW_isobutanol_R2				Xin-Hui Xing and Chong Zhang lab	Microbe, viral or environmental		Tianmin Wang	2017-05-19								China					lab culture				Genome-wide library screen in MOPS + 4 g/L isobutanol, replicate 2		mixed culture		K12 MG1655									
SRR7009349	SRP140506	PRJNA450392	SAMN08937572	Escherichia coli	AMPLICON	PCR	PAIRED	10941327	CRISPRi pooled screening based functional genomics method in bacteria	GW_isobutanol_R1		GW_isobutanol_R1				Xin-Hui Xing and Chong Zhang lab	Microbe, viral or environmental		Tianmin Wang	2017-05-19								China					lab culture				Genome-wide library screen in MOPS + 4 g/L isobutanol, replicate 1		mixed culture		K12 MG1655									
SRR7642934	SRP156315	PRJNA484406	SAMN09764632	Saccharomyces cerevisiae	RNA-Seq	cDNA	SINGLE	11189573	Genotype-by-environment-by-environment interactions in the Saccharomyces cerevisiae transcriptomic response to alcohols and anaerobiosis	GSM3318013: Isobutanol_NCY3290_ANAE_R1 [RNA-Seq_3strains]; Saccharomyces cerevisiae; RNA-Seq	Isobutanol_NCY3290_ANAE_R1 [RNA-Seq_3strains]	GSM3318013		Isobutanol								Isobutanol																		Gasch Lab/ GLBRC	NCY3290									
SRR7642935	SRP156315	PRJNA484406	SAMN09764631	Saccharomyces cerevisiae	RNA-Seq	cDNA	SINGLE	10910340	Genotype-by-environment-by-environment interactions in the Saccharomyces cerevisiae transcriptomic response to alcohols and anaerobiosis	GSM3318014: Isobutanol_NCY3290_ANAE_R2 [RNA-Seq_3strains]; Saccharomyces cerevisiae; RNA-Seq	Isobutanol_NCY3290_ANAE_R2 [RNA-Seq_3strains]	GSM3318014		Isobutanol								Isobutanol																		Gasch Lab/ GLBRC	NCY3290									
SRR7642940	SRP156315	PRJNA484406	SAMN09764625	Saccharomyces cerevisiae	RNA-Seq	cDNA	SINGLE	12557528	Genotype-by-environment-by-environment interactions in the Saccharomyces cerevisiae transcriptomic response to alcohols and anaerobiosis	GSM3318019: Isobutanol_IL01_ANAE_R2 [RNA-Seq_3strains]; Saccharomyces cerevisiae; RNA-Seq	Isobutanol_IL01_ANAE_R2 [RNA-Seq_3strains]	GSM3318019		Isobutanol								Isobutanol																		Gasch Lab/ GLBRC	IL01									
SRR7642941	SRP156315	PRJNA484406	SAMN09764630	Saccharomyces cerevisiae	RNA-Seq	cDNA	SINGLE	9347150	Genotype-by-environment-by-environment interactions in the Saccharomyces cerevisiae transcriptomic response to alcohols and anaerobiosis	GSM3318020: Isobutanol_IL01_ANAE_R1 [RNA-Seq_3strains]; Saccharomyces cerevisiae; RNA-Seq	Isobutanol_IL01_ANAE_R1 [RNA-Seq_3strains]	GSM3318020		Isobutanol								Isobutanol																		Gasch Lab/ GLBRC	IL01									
SRR7642952	SRP156315	PRJNA484406	SAMN09764612	Saccharomyces cerevisiae	RNA-Seq	cDNA	SINGLE	14220515	Genotype-by-environment-by-environment interactions in the Saccharomyces cerevisiae transcriptomic response to alcohols and anaerobiosis	GSM3318031: Isobutanol_IL01_AER_R2 [RNA-Seq_3strains]; Saccharomyces cerevisiae; RNA-Seq	Isobutanol_IL01_AER_R2 [RNA-Seq_3strains]	GSM3318031		Isobutanol								Isobutanol																		Gasch Lab/ GLBRC	IL01									
SRR7642953	SRP156315	PRJNA484406	SAMN09764611	Saccharomyces cerevisiae	RNA-Seq	cDNA	SINGLE	13168201	Genotype-by-environment-by-environment interactions in the Saccharomyces cerevisiae transcriptomic response to alcohols and anaerobiosis	GSM3318032: Isobutanol_Y7568_AER_R2 [RNA-Seq_3strains]; Saccharomyces cerevisiae; RNA-Seq	Isobutanol_Y7568_AER_R2 [RNA-Seq_3strains]	GSM3318032		Isobutanol								Isobutanol																		Gasch Lab/ GLBRC	Y7568									
SRR7642954	SRP156315	PRJNA484406	SAMN09764610	Saccharomyces cerevisiae	RNA-Seq	cDNA	SINGLE	11533585	Genotype-by-environment-by-environment interactions in the Saccharomyces cerevisiae transcriptomic response to alcohols and anaerobiosis	GSM3318033: Isobutanol_Y7568_AER_R1 [RNA-Seq_3strains]; Saccharomyces cerevisiae; RNA-Seq	Isobutanol_Y7568_AER_R1 [RNA-Seq_3strains]	GSM3318033		Isobutanol								Isobutanol																		Gasch Lab/ GLBRC	Y7568									
SRR7642959	SRP156315	PRJNA484406	SAMN09764605	Saccharomyces cerevisiae	RNA-Seq	cDNA	SINGLE	9869810	Genotype-by-environment-by-environment interactions in the Saccharomyces cerevisiae transcriptomic response to alcohols and anaerobiosis	GSM3318038: Isobutanol_NCY3290_AER_R2 [RNA-Seq_3strains]; Saccharomyces cerevisiae; RNA-Seq	Isobutanol_NCY3290_AER_R2 [RNA-Seq_3strains]	GSM3318038		Isobutanol								Isobutanol																		Gasch Lab/ GLBRC	NCY3290									
SRR7642962	SRP156315	PRJNA484406	SAMN09764602	Saccharomyces cerevisiae	RNA-Seq	cDNA	SINGLE	10827773	Genotype-by-environment-by-environment interactions in the Saccharomyces cerevisiae transcriptomic response to alcohols and anaerobiosis	GSM3318041: Isobutanol_NCY3290_AER_R1 [RNA-Seq_3strains]; Saccharomyces cerevisiae; RNA-Seq	Isobutanol_NCY3290_AER_R1 [RNA-Seq_3strains]	GSM3318041		Isobutanol								Isobutanol																		Gasch Lab/ GLBRC	NCY3290									
SRR7642965	SRP156315	PRJNA484406	SAMN09764599	Saccharomyces cerevisiae	RNA-Seq	cDNA	SINGLE	9939439	Genotype-by-environment-by-environment interactions in the Saccharomyces cerevisiae transcriptomic response to alcohols and anaerobiosis	GSM3318044: Isobutanol_IL01_AER_R1 [RNA-Seq_3strains]; Saccharomyces cerevisiae; RNA-Seq	Isobutanol_IL01_AER_R1 [RNA-Seq_3strains]	GSM3318044		Isobutanol								Isobutanol																		Gasch Lab/ GLBRC	IL01									
SRR7642966	SRP156315	PRJNA484406	SAMN09764598	Saccharomyces cerevisiae	RNA-Seq	cDNA	SINGLE	13020445	Genotype-by-environment-by-environment interactions in the Saccharomyces cerevisiae transcriptomic response to alcohols and anaerobiosis	GSM3318045: Isobutanol_Y7568_ANAE_R2 [RNA-Seq_3strains]; Saccharomyces cerevisiae; RNA-Seq	Isobutanol_Y7568_ANAE_R2 [RNA-Seq_3strains]	GSM3318045		Isobutanol								Isobutanol																		Gasch Lab/ GLBRC	Y7568									
SRR7642967	SRP156315	PRJNA484406	SAMN09764597	Saccharomyces cerevisiae	RNA-Seq	cDNA	SINGLE	11848449	Genotype-by-environment-by-environment interactions in the Saccharomyces cerevisiae transcriptomic response to alcohols and anaerobiosis	GSM3318046: Isobutanol_Y7568_ANAE_R1 [RNA-Seq_3strains]; Saccharomyces cerevisiae; RNA-Seq	Isobutanol_Y7568_ANAE_R1 [RNA-Seq_3strains]	GSM3318046		Isobutanol								Isobutanol																		Gasch Lab/ GLBRC	Y7568									
SRR7892090	SRP162375	PRJNA492719	SAMN10104631	Lactococcus cremoris	WGS	PCR	PAIRED	1673711	Genome sequencing of 4B0 Lactococcus lactis strain (4% isobutanol tolerant srain grown in absence of isobutanol).	4B0_draft genome	4B0_draft genome	4B0					MIGS.ba			2017-11-04								India: New Delhi					4% isobutanol tolerant sttrain was obtained after evolution experiments performed on wild type NZ9000 L. lactis strain.								4B0									{"biotic_relationship": "free living", "encoded_traits": "antibiotics resistance traits are present", "env_biome": "Plants and animal habitats", "env_broad_scale": "Plants and animal habitats", "env_feature": "Laboratory isolate", "env_local_scale": "Laboratory isolate", "env_material": "Bacterial culture", "env_medium": "Bacterial culture", "estimated_size": "2.53 Mb", "extrachrom_elements": "Plasmids absent", "health_state": "Mutant 4B0 srain was obtained after evolution experiments", "isol_growth_condt": "The strain was isolated from the continuous stirred tank reactor running at 4% isobutanol containing modified GM17 media. The strain was further grown in GM17 media in a static flask at 30 degrees for 24 - 48 hours and Its genome was isolated using the standard genomic DNA isolation protocol for gram positive bacteria.", "lat_lon": "28.5402 N 77.1662 E", "num_replicons": "Plasmid cured strain", "pathogenicity": "No", "ref_biomaterial": "missing", "rel_to_oxygen": "facultative", "samp_collect_device": "Microfuge tubes", "samp_mat_process": "Samples from the static flasks were collected, centrifuged and immediately processed for genomic DNA isolation.", "samp_size": "2 ml", "source_material_id": "4B0", "subspecf_gen_lin": "Lactococcus lactis subspecies cremoris"}
