# DUET gene panel -- PLAN.md E.4 phase-1 resolution, PLAN.md N.2 data/panels/.
#
# GENERATED by src/fermdb/omics/genes.py from two sources, and reviewed as a diff:
#   identity columns : s288c.transcripts.fna.gz (sha256 f783b29bd4220d9ee5665f303f2bd3bf33c8f0cab9444b2437ed2c8fe0c62900),
#                      the RefSeq rna_from_genomic FASTA for GCF_000146045.2
#   duet_role columns: docs/design/DUET_TARGET.md §3, parsed from its Markdown table
#
# The role lives here rather than in the database because no table models it: gene and
# gene_group have no role column, gene_annotation.source is a closed set of external
# annotation authorities, and `predicate` is a closed vocabulary with no membership term.
# Recording it in one of those would be a fabrication in a column that means something
# else. See this module's docstring.
#
# duet_role 'unknown' = the role table was consulted and does not place this gene.
# It is not NULL (nobody looked) and not 'NA' (not applicable).
standard_name	systematic_name	gene_group_id	ncbi_gene_id	encoding_genome	duet_role	duet_role_label	product	evidence	confidence
ADH2	YMR303C	YAA:GG:ymr303c	855349	nuclear	redox_shuttle	Redox shuttle	alcohol dehydrogenase ADH2	docs/design/DUET_TARGET.md §3 for the role; RefSeq rna_from_genomic FASTA for assembly GCF_000146045.2, parsed from s288c.transcripts.fna.gz (sha256 f783b29bd4220d9ee5665f303f2bd3bf33c8f0cab9444b2437ed2c8fe0c62900) for the identity	unverified
ADH3	YMR083W	YAA:GG:ymr083w	855107	nuclear	redox_shuttle	Redox shuttle	alcohol dehydrogenase ADH3	docs/design/DUET_TARGET.md §3 for the role; RefSeq rna_from_genomic FASTA for assembly GCF_000146045.2, parsed from s288c.transcripts.fna.gz (sha256 f783b29bd4220d9ee5665f303f2bd3bf33c8f0cab9444b2437ed2c8fe0c62900) for the identity	unverified
ALD6	YPL061W	YAA:GG:ypl061w	856044	nuclear	competing_by_product	Competing / by-product	aldehyde dehydrogenase (NADP(+)) ALD6	docs/design/DUET_TARGET.md §3 for the role; RefSeq rna_from_genomic FASTA for assembly GCF_000146045.2, parsed from s288c.transcripts.fna.gz (sha256 f783b29bd4220d9ee5665f303f2bd3bf33c8f0cab9444b2437ed2c8fe0c62900) for the identity	unverified
ARO10	YDR380W	YAA:GG:ydr380w	851987	nuclear	pathway	Pathway	phenylpyruvate decarboxylase ARO10	docs/design/DUET_TARGET.md §3 for the role; RefSeq rna_from_genomic FASTA for assembly GCF_000146045.2, parsed from s288c.transcripts.fna.gz (sha256 f783b29bd4220d9ee5665f303f2bd3bf33c8f0cab9444b2437ed2c8fe0c62900) for the identity	unverified
ATF1	YOR377W	YAA:GG:yor377w	854559	nuclear	competing_by_product	Competing / by-product	alcohol O-acetyltransferase	docs/design/DUET_TARGET.md §3 for the role; RefSeq rna_from_genomic FASTA for assembly GCF_000146045.2, parsed from s288c.transcripts.fna.gz (sha256 f783b29bd4220d9ee5665f303f2bd3bf33c8f0cab9444b2437ed2c8fe0c62900) for the identity	unverified
BAT1	YHR208W	YAA:GG:yhr208w	856615	nuclear	pathway	Pathway	branched-chain-amino-acid transaminase BAT1	docs/design/DUET_TARGET.md §3 for the role; RefSeq rna_from_genomic FASTA for assembly GCF_000146045.2, parsed from s288c.transcripts.fna.gz (sha256 f783b29bd4220d9ee5665f303f2bd3bf33c8f0cab9444b2437ed2c8fe0c62900) for the identity	unverified
BAT2	YJR148W	YAA:GG:yjr148w	853613	nuclear	pathway	Pathway	branched-chain-amino-acid transaminase BAT2	docs/design/DUET_TARGET.md §3 for the role; RefSeq rna_from_genomic FASTA for assembly GCF_000146045.2, parsed from s288c.transcripts.fna.gz (sha256 f783b29bd4220d9ee5665f303f2bd3bf33c8f0cab9444b2437ed2c8fe0c62900) for the identity	unverified
BDH1	YAL060W	YAA:GG:yal060w	851239	nuclear	competing_by_product	Competing / by-product	(R,R)-butanediol dehydrogenase	docs/design/DUET_TARGET.md §3 for the role; RefSeq rna_from_genomic FASTA for assembly GCF_000146045.2, parsed from s288c.transcripts.fna.gz (sha256 f783b29bd4220d9ee5665f303f2bd3bf33c8f0cab9444b2437ed2c8fe0c62900) for the identity	unverified
BDH2	YAL061W	YAA:GG:yal061w	851238	nuclear	competing_by_product	Competing / by-product	putative dehydrogenase BDH2	docs/design/DUET_TARGET.md §3 for the role; RefSeq rna_from_genomic FASTA for assembly GCF_000146045.2, parsed from s288c.transcripts.fna.gz (sha256 f783b29bd4220d9ee5665f303f2bd3bf33c8f0cab9444b2437ed2c8fe0c62900) for the identity	unverified
ECM31	YBR176W	YAA:GG:ybr176w	852474	nuclear	competing_by_product	Competing / by-product	3-methyl-2-oxobutanoate hydroxymethyltransferase	docs/design/DUET_TARGET.md §3 for the role; RefSeq rna_from_genomic FASTA for assembly GCF_000146045.2, parsed from s288c.transcripts.fna.gz (sha256 f783b29bd4220d9ee5665f303f2bd3bf33c8f0cab9444b2437ed2c8fe0c62900) for the identity	unverified
GPD1	YDL022W	YAA:GG:ydl022w	851539	nuclear	competing_by_product	Competing / by-product	glycerol-3-phosphate dehydrogenase (NAD(+)) GPD1	docs/design/DUET_TARGET.md §3 for the role; RefSeq rna_from_genomic FASTA for assembly GCF_000146045.2, parsed from s288c.transcripts.fna.gz (sha256 f783b29bd4220d9ee5665f303f2bd3bf33c8f0cab9444b2437ed2c8fe0c62900) for the identity	unverified
ILV2	YMR108W	YAA:GG:ymr108w	855135	nuclear	pathway	Pathway	acetolactate synthase catalytic subunit	docs/design/DUET_TARGET.md §3 for the role; RefSeq rna_from_genomic FASTA for assembly GCF_000146045.2, parsed from s288c.transcripts.fna.gz (sha256 f783b29bd4220d9ee5665f303f2bd3bf33c8f0cab9444b2437ed2c8fe0c62900) for the identity	unverified
ILV3	YJR016C	YAA:GG:yjr016c	853473	nuclear	pathway	Pathway	dihydroxy-acid dehydratase ILV3	docs/design/DUET_TARGET.md §3 for the role; RefSeq rna_from_genomic FASTA for assembly GCF_000146045.2, parsed from s288c.transcripts.fna.gz (sha256 f783b29bd4220d9ee5665f303f2bd3bf33c8f0cab9444b2437ed2c8fe0c62900) for the identity	unverified
ILV5	YLR355C	YAA:GG:ylr355c	851069	nuclear	pathway	Pathway	ketol-acid reductoisomerase	docs/design/DUET_TARGET.md §3 for the role; RefSeq rna_from_genomic FASTA for assembly GCF_000146045.2, parsed from s288c.transcripts.fna.gz (sha256 f783b29bd4220d9ee5665f303f2bd3bf33c8f0cab9444b2437ed2c8fe0c62900) for the identity	unverified
ILV6	YCL009C	YAA:GG:ycl009c	850348	nuclear	pathway	Pathway	acetolactate synthase regulatory subunit	docs/design/DUET_TARGET.md §3 for the role; RefSeq rna_from_genomic FASTA for assembly GCF_000146045.2, parsed from s288c.transcripts.fna.gz (sha256 f783b29bd4220d9ee5665f303f2bd3bf33c8f0cab9444b2437ed2c8fe0c62900) for the identity	unverified
ISU1	YPL135W	YAA:GG:ypl135w	855968	nuclear	fe_s_machinery	Fe-S machinery	iron-binding protein ISU1	docs/design/DUET_TARGET.md §3 for the role; RefSeq rna_from_genomic FASTA for assembly GCF_000146045.2, parsed from s288c.transcripts.fna.gz (sha256 f783b29bd4220d9ee5665f303f2bd3bf33c8f0cab9444b2437ed2c8fe0c62900) for the identity	unverified
LEU4	YNL104C	YAA:GG:ynl104c	855619	nuclear	pathway	Pathway	2-isopropylmalate synthase LEU4	docs/design/DUET_TARGET.md §3 for the role; RefSeq rna_from_genomic FASTA for assembly GCF_000146045.2, parsed from s288c.transcripts.fna.gz (sha256 f783b29bd4220d9ee5665f303f2bd3bf33c8f0cab9444b2437ed2c8fe0c62900) for the identity	unverified
LEU9	YOR108W	YAA:GG:yor108w	854275	nuclear	pathway	Pathway	2-isopropylmalate synthase LEU9	docs/design/DUET_TARGET.md §3 for the role; RefSeq rna_from_genomic FASTA for assembly GCF_000146045.2, parsed from s288c.transcripts.fna.gz (sha256 f783b29bd4220d9ee5665f303f2bd3bf33c8f0cab9444b2437ed2c8fe0c62900) for the identity	unverified
NFS1	YCL017C	YAA:GG:ycl017c	850343	nuclear	fe_s_machinery	Fe-S machinery	cysteine desulfurase	docs/design/DUET_TARGET.md §3 for the role; RefSeq rna_from_genomic FASTA for assembly GCF_000146045.2, parsed from s288c.transcripts.fna.gz (sha256 f783b29bd4220d9ee5665f303f2bd3bf33c8f0cab9444b2437ed2c8fe0c62900) for the identity	unverified
PDC1	YLR044C	YAA:GG:ylr044c	850733	nuclear	competing_by_product	Competing / by-product	indolepyruvate decarboxylase 1	docs/design/DUET_TARGET.md §3 for the role; RefSeq rna_from_genomic FASTA for assembly GCF_000146045.2, parsed from s288c.transcripts.fna.gz (sha256 f783b29bd4220d9ee5665f303f2bd3bf33c8f0cab9444b2437ed2c8fe0c62900) for the identity	unverified
PDC5	YLR134W	YAA:GG:ylr134w	850825	nuclear	competing_by_product	Competing / by-product	indolepyruvate decarboxylase 5	docs/design/DUET_TARGET.md §3 for the role; RefSeq rna_from_genomic FASTA for assembly GCF_000146045.2, parsed from s288c.transcripts.fna.gz (sha256 f783b29bd4220d9ee5665f303f2bd3bf33c8f0cab9444b2437ed2c8fe0c62900) for the identity	unverified
PDC6	YGR087C	YAA:GG:ygr087c	852978	nuclear	unknown	unknown	indolepyruvate decarboxylase 6	docs/design/DUET_TARGET.md §3 for the role; RefSeq rna_from_genomic FASTA for assembly GCF_000146045.2, parsed from s288c.transcripts.fna.gz (sha256 f783b29bd4220d9ee5665f303f2bd3bf33c8f0cab9444b2437ed2c8fe0c62900) for the identity	unverified
PDR5	YOR153W	YAA:GG:yor153w	854324	nuclear	efflux_tolerance	Efflux / tolerance	ATP-binding cassette multidrug transporter PDR5	docs/design/DUET_TARGET.md §3 for the role; RefSeq rna_from_genomic FASTA for assembly GCF_000146045.2, parsed from s288c.transcripts.fna.gz (sha256 f783b29bd4220d9ee5665f303f2bd3bf33c8f0cab9444b2437ed2c8fe0c62900) for the identity	unverified
PMA1	YGL008C	YAA:GG:ygl008c	852876	nuclear	efflux_tolerance	Efflux / tolerance	H(+)-exporting P2-type ATPase PMA1	docs/design/DUET_TARGET.md §3 for the role; RefSeq rna_from_genomic FASTA for assembly GCF_000146045.2, parsed from s288c.transcripts.fna.gz (sha256 f783b29bd4220d9ee5665f303f2bd3bf33c8f0cab9444b2437ed2c8fe0c62900) for the identity	unverified
POS5	YPL188W	YAA:GG:ypl188w	855913	nuclear	redox_shuttle	Redox shuttle	NADH kinase	docs/design/DUET_TARGET.md §3 for the role; RefSeq rna_from_genomic FASTA for assembly GCF_000146045.2, parsed from s288c.transcripts.fna.gz (sha256 f783b29bd4220d9ee5665f303f2bd3bf33c8f0cab9444b2437ed2c8fe0c62900) for the identity	unverified
PTK2	YJR059W	YAA:GG:yjr059w	853522	nuclear	efflux_tolerance	Efflux / tolerance	protein kinase PTK2	docs/design/DUET_TARGET.md §3 for the role; RefSeq rna_from_genomic FASTA for assembly GCF_000146045.2, parsed from s288c.transcripts.fna.gz (sha256 f783b29bd4220d9ee5665f303f2bd3bf33c8f0cab9444b2437ed2c8fe0c62900) for the identity	unverified
RKI1	YOR095C	YAA:GG:yor095c	854262	nuclear	pentose_ppp	Pentose / PPP	ribose-5-phosphate isomerase RKI1	docs/design/DUET_TARGET.md §3 for the role; RefSeq rna_from_genomic FASTA for assembly GCF_000146045.2, parsed from s288c.transcripts.fna.gz (sha256 f783b29bd4220d9ee5665f303f2bd3bf33c8f0cab9444b2437ed2c8fe0c62900) for the identity	unverified
RPE1	YJL121C	YAA:GG:yjl121c	853322	nuclear	pentose_ppp	Pentose / PPP	ribulose-phosphate 3-epimerase RPE1	docs/design/DUET_TARGET.md §3 for the role; RefSeq rna_from_genomic FASTA for assembly GCF_000146045.2, parsed from s288c.transcripts.fna.gz (sha256 f783b29bd4220d9ee5665f303f2bd3bf33c8f0cab9444b2437ed2c8fe0c62900) for the identity	unverified
SNQ2	YDR011W	YAA:GG:ydr011w	851574	nuclear	efflux_tolerance	Efflux / tolerance	ATP-binding cassette transporter SNQ2	docs/design/DUET_TARGET.md §3 for the role; RefSeq rna_from_genomic FASTA for assembly GCF_000146045.2, parsed from s288c.transcripts.fna.gz (sha256 f783b29bd4220d9ee5665f303f2bd3bf33c8f0cab9444b2437ed2c8fe0c62900) for the identity	unverified
SOD2	YHR008C	YAA:GG:yhr008c	856399	nuclear	fe_s_machinery	Fe-S machinery	superoxide dismutase SOD2	docs/design/DUET_TARGET.md §3 for the role; RefSeq rna_from_genomic FASTA for assembly GCF_000146045.2, parsed from s288c.transcripts.fna.gz (sha256 f783b29bd4220d9ee5665f303f2bd3bf33c8f0cab9444b2437ed2c8fe0c62900) for the identity	unverified
SPT15	YER148W	YAA:GG:yer148w	856891	nuclear	global_regulation	Global regulation	TATA-binding protein	docs/design/DUET_TARGET.md §3 for the role; RefSeq rna_from_genomic FASTA for assembly GCF_000146045.2, parsed from s288c.transcripts.fna.gz (sha256 f783b29bd4220d9ee5665f303f2bd3bf33c8f0cab9444b2437ed2c8fe0c62900) for the identity	unverified
TAL1	YLR354C	YAA:GG:ylr354c	851068	nuclear	pentose_ppp	Pentose / PPP	sedoheptulose-7-phosphate:D-glyceraldehyde-3-phosphate transaldolase TAL1	docs/design/DUET_TARGET.md §3 for the role; RefSeq rna_from_genomic FASTA for assembly GCF_000146045.2, parsed from s288c.transcripts.fna.gz (sha256 f783b29bd4220d9ee5665f303f2bd3bf33c8f0cab9444b2437ed2c8fe0c62900) for the identity	unverified
TKL1	YPR074C	YAA:GG:ypr074c	856188	nuclear	pentose_ppp	Pentose / PPP	transketolase TKL1	docs/design/DUET_TARGET.md §3 for the role; RefSeq rna_from_genomic FASTA for assembly GCF_000146045.2, parsed from s288c.transcripts.fna.gz (sha256 f783b29bd4220d9ee5665f303f2bd3bf33c8f0cab9444b2437ed2c8fe0c62900) for the identity	unverified
XKS1	YGR194C	YAA:GG:ygr194c	853108	nuclear	pentose_ppp	Pentose / PPP	xylulokinase	docs/design/DUET_TARGET.md §3 for the role; RefSeq rna_from_genomic FASTA for assembly GCF_000146045.2, parsed from s288c.transcripts.fna.gz (sha256 f783b29bd4220d9ee5665f303f2bd3bf33c8f0cab9444b2437ed2c8fe0c62900) for the identity	unverified
YFH1	YDL120W	YAA:GG:ydl120w	851437	nuclear	fe_s_machinery	Fe-S machinery	ferroxidase	docs/design/DUET_TARGET.md §3 for the role; RefSeq rna_from_genomic FASTA for assembly GCF_000146045.2, parsed from s288c.transcripts.fna.gz (sha256 f783b29bd4220d9ee5665f303f2bd3bf33c8f0cab9444b2437ed2c8fe0c62900) for the identity	unverified
YOR1	YGR281W	YAA:GG:ygr281w	853198	nuclear	efflux_tolerance	Efflux / tolerance	ATP-binding cassette transporter YOR1	docs/design/DUET_TARGET.md §3 for the role; RefSeq rna_from_genomic FASTA for assembly GCF_000146045.2, parsed from s288c.transcripts.fna.gz (sha256 f783b29bd4220d9ee5665f303f2bd3bf33c8f0cab9444b2437ed2c8fe0c62900) for the identity	unverified
